[{"model": "contenttypes.contenttype", "pk": 1, "fields": {"app_label": "admin", "model": "logentry"}}, {"model": "contenttypes.contenttype", "pk": 2, "fields": {"app_label": "auth", "model": "permission"}}, {"model": "contenttypes.contenttype", "pk": 3, "fields": {"app_label": "auth", "model": "group"}}, {"model": "contenttypes.contenttype", "pk": 4, "fields": {"app_label": "contenttypes", "model": "contenttype"}}, {"model": "contenttypes.contenttype", "pk": 5, "fields": {"app_label": "sessions", "model": "session"}}, {"model": "contenttypes.contenttype", "pk": 6, "fields": {"app_label": "accounts", "model": "userprofile"}}, {"model": "contenttypes.contenttype", "pk": 7, "fields": {"app_label": "accounts", "model": "user"}}, {"model": "contenttypes.contenttype", "pk": 8, "fields": {"app_label": "authtoken", "model": "token"}}, {"model": "contenttypes.contenttype", "pk": 9, "fields": {"app_label": "django_rest_passwordreset", "model": "resetpasswordtoken"}}, {"model": "contenttypes.contenttype", "pk": 10, "fields": {"app_label": "wallet", "model": "commissiontransaction"}}, {"model": "contenttypes.contenttype", "pk": 11, "fields": {"app_label": "wallet", "model": "walletaddress"}}, {"model": "contenttypes.contenttype", "pk": 12, "fields": {"app_label": "wallet", "model": "bitcoinaccount"}}, {"model": "contenttypes.contenttype", "pk": 13, "fields": {"app_label": "wallet", "model": "commission"}}, {"model": "contenttypes.contenttype", "pk": 14, "fields": {"app_label": "wallet", "model": "withdrawtransaction"}}, {"model": "contenttypes.contenttype", "pk": 15, "fields": {"app_label": "wallet", "model": "bitcoinwallet"}}, {"model": "contenttypes.contenttype", "pk": 16, "fields": {"app_label": "wallet", "model": "deposittransaction"}}, {"model": "contenttypes.contenttype", "pk": 17, "fields": {"app_label": "wallet", "model": "blockcypherwallet"}}, {"model": "contenttypes.contenttype", "pk": 18, "fields": {"app_label": "wallet", "model": "receivingaddress"}}, {"model": "contenttypes.contenttype", "pk": 19, "fields": {"app_label": "wallet", "model": "masterseed"}}, {"model": "contenttypes.contenttype", "pk": 20, "fields": {"app_label": "ripple_wallet", "model": "ripplewallet"}}, {"model": "contenttypes.contenttype", "pk": 21, "fields": {"app_label": "ripple_wallet", "model": "receivingaddress"}}, {"model": "contenttypes.contenttype", "pk": 22, "fields": {"app_label": "ripple_wallet", "model": "bitcoinwalletaccount"}}, {"model": "contenttypes.contenttype", "pk": 23, "fields": {"app_label": "ripple_wallet", "model": "receivetransaction"}}, {"model": "contenttypes.contenttype", "pk": 24, "fields": {"app_label": "ripple_wallet", "model": "commission"}}, {"model": "contenttypes.contenttype", "pk": 25, "fields": {"app_label": "ripple_wallet", "model": "issuerwallet"}}, {"model": "contenttypes.contenttype", "pk": 26, "fields": {"app_label": "ripple_wallet", "model": "stbtransaction"}}, {"model": "sessions.session", "pk": "0yq6yqzjzgok2l6t7srzlxrbga7pa8ny", "fields": {"session_data": "NDIyZmVlZDI3MmZmNDM1MDYwYWNlMWVhYTViMzNkYTA0ZGVkNzAxNDp7Il9hdXRoX3VzZXJfaWQiOiI0NSIsIl9hdXRoX3VzZXJfYmFja2VuZCI6ImRqYW5nby5jb250cmliLmF1dGguYmFja2VuZHMuTW9kZWxCYWNrZW5kIiwiX2F1dGhfdXNlcl9oYXNoIjoiMTYwMzNlYmFhNTc5ZTAwNDRmNjFlM2I3ZTI0ZjA1NjY2ZDA5OTBiMSJ9", "expire_date": "2020-05-24T18:37:21.456Z"}}, {"model": "sessions.session", "pk": "4ipij34qhx93ggjzzjdcq6z67qlndw8h", "fields": {"session_data": "ODkzNWRkOTIzOTljYzAyOGI0MjY0OTE5NDIwYmUyMjA2ZWNiMWQ1Mzp7Il9hdXRoX3VzZXJfaWQiOiIyIiwiX2F1dGhfdXNlcl9iYWNrZW5kIjoiZGphbmdvLmNvbnRyaWIuYXV0aC5iYWNrZW5kcy5Nb2RlbEJhY2tlbmQiLCJfYXV0aF91c2VyX2hhc2giOiIyZjgyMzRlMWU0NGZkM2I1YTkxMDE3MjViNzQwYTRjMDk4NWFmYjJhIn0=", "expire_date": "2020-06-09T10:56:42.862Z"}}, {"model": "sessions.session", "pk": "6zfmjv1384ubxshl0ugoe117cznrqlgm", "fields": {"session_data": "NDkwYjY1YTMxZTQ1ZDA1NGYxMGU4Y2Q1YjA1MjViZDUxMWRiMTJmNDp7Il9hdXRoX3VzZXJfaGFzaCI6IjE2MDMzZWJhYTU3OWUwMDQ0ZjYxZTNiN2UyNGYwNTY2NmQwOTkwYjEiLCJfYXV0aF91c2VyX2JhY2tlbmQiOiJkamFuZ28uY29udHJpYi5hdXRoLmJhY2tlbmRzLk1vZGVsQmFja2VuZCIsIl9hdXRoX3VzZXJfaWQiOiI0NSJ9", "expire_date": "2020-06-08T14:38:25.598Z"}}, {"model": "sessions.session", "pk": "803h8gh3lcekjpcbo565ad5egn1nvdmg", "fields": {"session_data": "NDkwYjY1YTMxZTQ1ZDA1NGYxMGU4Y2Q1YjA1MjViZDUxMWRiMTJmNDp7Il9hdXRoX3VzZXJfaGFzaCI6IjE2MDMzZWJhYTU3OWUwMDQ0ZjYxZTNiN2UyNGYwNTY2NmQwOTkwYjEiLCJfYXV0aF91c2VyX2JhY2tlbmQiOiJkamFuZ28uY29udHJpYi5hdXRoLmJhY2tlbmRzLk1vZGVsQmFja2VuZCIsIl9hdXRoX3VzZXJfaWQiOiI0NSJ9", "expire_date": "2020-06-06T12:03:19.175Z"}}, {"model": "sessions.session", "pk": "ku6v2cjc8d7ewyif071mwcv23ftqyaao", "fields": {"session_data": "NzEyODcwMmMzNjIwOGVjNTM1YTg5MTg2MTE2Y2FhNjNkZjg2NzY3NTp7Il9hdXRoX3VzZXJfYmFja2VuZCI6ImRqYW5nby5jb250cmliLmF1dGguYmFja2VuZHMuTW9kZWxCYWNrZW5kIiwiX2F1dGhfdXNlcl9oYXNoIjoiMTYxMzE4ZWMyMjE4MjYwMTZhOTM3NTIwZWRlMmMwYjVjYWYxZDgyNyIsIl9hdXRoX3VzZXJfaWQiOiIyIn0=", "expire_date": "2020-05-08T06:42:57.739Z"}}, {"model": "ripple_wallet.receivingaddress", "pk": 1, "fields": {"created_date": "2020-04-29T12:50:08.426Z", "modified_date": "2020-04-29T12:50:08.426Z", "address": "1CJwg6eSr5idJ133p4HVTivuU2KGcASRyr", "bitcoin_account": 1, "receiveIndex": 1}}, {"model": "ripple_wallet.receivingaddress", "pk": 2, "fields": {"created_date": "2020-05-05T04:59:51.616Z", "modified_date": "2020-05-05T04:59:51.616Z", "address": "16bGE79cHkjXv54doU4RFGqKCvZcaN3q6f", "bitcoin_account": 2, "receiveIndex": 1}}, {"model": "ripple_wallet.receivingaddress", "pk": 3, "fields": {"created_date": "2020-05-05T09:34:02.655Z", "modified_date": "2020-05-05T09:34:02.655Z", "address": "1EKb7BV8ip37wYH3QdAFJoD9RkjCqq35He", "bitcoin_account": 3, "receiveIndex": 1}}, {"model": "ripple_wallet.receivingaddress", "pk": 4, "fields": {"created_date": "2020-05-05T09:34:57.829Z", "modified_date": "2020-05-05T09:34:57.829Z", "address": "15158tQVTUjxNFhwsUBHcN9NjWCqM5f67U", "bitcoin_account": 4, "receiveIndex": 1}}, {"model": "ripple_wallet.receivingaddress", "pk": 7, "fields": {"created_date": "2020-05-06T08:34:24.417Z", "modified_date": "2020-05-06T08:34:24.417Z", "address": "17g7nfdTCWsGhEMQfKWUS2HcKTMg1Ewue9", "bitcoin_account": 9, "receiveIndex": 1}}, {"model": "ripple_wallet.receivingaddress", "pk": 16, "fields": {"created_date": "2020-05-12T10:50:34.482Z", "modified_date": "2020-05-12T10:50:34.482Z", "address": "1BSYRVcWenv1kZbt1NtWPPshEBeRcdcjDD", "bitcoin_account": 18, "receiveIndex": 1}}, {"model": "ripple_wallet.receivingaddress", "pk": 22, "fields": {"created_date": "2020-05-13T17:12:32.262Z", "modified_date": "2020-05-13T17:12:32.262Z", "address": "1Kb2ggQFFGQ5wE4AFARVAt7rSvFSdrxkxZ", "bitcoin_account": 24, "receiveIndex": 1}}, {"model": "ripple_wallet.receivingaddress", "pk": 23, "fields": {"created_date": "2020-05-13T19:17:25.001Z", "modified_date": "2020-05-13T19:17:25.001Z", "address": "1A9EtqGFmBuif1pdQmY7Egp2rokxdzxbxo", "bitcoin_account": 25, "receiveIndex": 1}}, {"model": "ripple_wallet.receivingaddress", "pk": 24, "fields": {"created_date": "2020-05-14T04:46:36.640Z", "modified_date": "2020-05-14T04:46:36.640Z", "address": "1LphsvxJMGeR6KfRxdeq8ZtqFUC8Ej7Muy", "bitcoin_account": 26, "receiveIndex": 1}}, {"model": "ripple_wallet.receivingaddress", "pk": 28, "fields": {"created_date": "2020-05-15T07:55:35.357Z", "modified_date": "2020-05-15T07:55:35.357Z", "address": "1Bv5NqF7LzN9KxCFLNMuMrDJmCweKHKvJ5", "bitcoin_account": 30, "receiveIndex": 1}}, {"model": "ripple_wallet.receivingaddress", "pk": 29, "fields": {"created_date": "2020-05-23T20:07:56.441Z", "modified_date": "2020-05-23T20:07:56.441Z", "address": "1H8ivP1Dhfq8Cf21u1pMR89xBtoZb6TbT8", "bitcoin_account": 31, "receiveIndex": 1}}, {"model": "ripple_wallet.receivingaddress", "pk": 32, "fields": {"created_date": "2020-05-25T15:27:37.453Z", "modified_date": "2020-05-25T15:27:37.453Z", "address": "15xpYjfj6ueHd6pQfjiDSzN7fAfSauneYR", "bitcoin_account": 34, "receiveIndex": 1}}, {"model": "ripple_wallet.commission", "pk": 1, "fields": {"created_date": "2020-05-04T04:07:37.906Z", "modified_date": "2020-05-19T10:38:16.776Z", "percentage": 1}}, {"model": "ripple_wallet.stbtransaction", "pk": 1, "fields": {"created_date": "2020-05-11T11:37:23.606Z", "modified_date": "2020-05-11T11:37:23.606Z", "value": "0.00001043", "sender": 9, "receiver": 5, "is_otp_verfied": false, "is_validated": false, "status": "pending", "tx_hash": null, "last_ledger_sequence": null, "sequence": null, "error_message": null, "error_code": null}}, {"model": "ripple_wallet.stbtransaction", "pk": 2, "fields": {"created_date": "2020-05-13T18:34:15.947Z", "modified_date": "2020-05-13T18:34:15.947Z", "value": "0.00001000", "sender": 5, "receiver": 25, "is_otp_verfied": false, "is_validated": false, "status": "pending", "tx_hash": null, "last_ledger_sequence": null, "sequence": null, "error_message": null, "error_code": null}}, {"model": "ripple_wallet.stbtransaction", "pk": 3, "fields": {"created_date": "2020-05-13T18:51:30.150Z", "modified_date": "2020-05-13T18:51:30.150Z", "value": "0.00001000", "sender": 5, "receiver": 25, "is_otp_verfied": false, "is_validated": false, "status": "pending", "tx_hash": null, "last_ledger_sequence": null, "sequence": null, "error_message": null, "error_code": null}}, {"model": "ripple_wallet.stbtransaction", "pk": 4, "fields": {"created_date": "2020-05-13T19:07:48.495Z", "modified_date": "2020-05-13T19:07:48.495Z", "value": "0.00000980", "sender": 25, "receiver": 5, "is_otp_verfied": false, "is_validated": false, "status": "pending", "tx_hash": null, "last_ledger_sequence": null, "sequence": null, "error_message": null, "error_code": null}}, {"model": "ripple_wallet.stbtransaction", "pk": 5, "fields": {"created_date": "2020-05-13T20:36:40.723Z", "modified_date": "2020-05-13T20:36:40.723Z", "value": "0.00060000", "sender": 5, "receiver": 25, "is_otp_verfied": false, "is_validated": false, "status": "pending", "tx_hash": null, "last_ledger_sequence": null, "sequence": null, "error_message": null, "error_code": null}}, {"model": "ripple_wallet.stbtransaction", "pk": 6, "fields": {"created_date": "2020-05-13T20:38:29.194Z", "modified_date": "2020-05-13T20:38:29.194Z", "value": "0.00001000", "sender": 5, "receiver": 25, "is_otp_verfied": false, "is_validated": false, "status": "pending", "tx_hash": null, "last_ledger_sequence": null, "sequence": null, "error_message": null, "error_code": null}}, {"model": "ripple_wallet.stbtransaction", "pk": 7, "fields": {"created_date": "2020-05-18T17:32:58.481Z", "modified_date": "2020-05-18T17:32:58.481Z", "value": "0.00001711", "sender": 5, "receiver": 25, "is_otp_verfied": false, "is_validated": false, "status": "pending", "tx_hash": null, "last_ledger_sequence": null, "sequence": null, "error_message": null, "error_code": null}}, {"model": "ripple_wallet.stbtransaction", "pk": 8, "fields": {"created_date": "2020-05-18T17:41:15.030Z", "modified_date": "2020-05-18T17:41:15.030Z", "value": "0.00001711", "sender": 5, "receiver": 25, "is_otp_verfied": false, "is_validated": false, "status": "pending", "tx_hash": null, "last_ledger_sequence": null, "sequence": null, "error_message": null, "error_code": null}}, {"model": "ripple_wallet.stbtransaction", "pk": 9, "fields": {"created_date": "2020-05-18T17:42:39.515Z", "modified_date": "2020-05-18T17:43:47.560Z", "value": "0.00001711", "sender": 5, "receiver": 25, "is_otp_verfied": true, "is_validated": true, "status": "successful", "tx_hash": null, "last_ledger_sequence": null, "sequence": null, "error_message": null, "error_code": null}}, {"model": "ripple_wallet.stbtransaction", "pk": 10, "fields": {"created_date": "2020-05-18T18:03:08.018Z", "modified_date": "2020-05-18T18:04:20.350Z", "value": "0.00001711", "sender": 5, "receiver": 25, "is_otp_verfied": true, "is_validated": true, "status": "successful", "tx_hash": "9D8BA588497006BC944A1FD8269A78934B661085B36B411264CB10A6A9518882", "last_ledger_sequence": "55547904", "sequence": "114", "error_message": null, "error_code": null}}, {"model": "ripple_wallet.stbtransaction", "pk": 11, "fields": {"created_date": "2020-05-19T09:52:48.780Z", "modified_date": "2020-05-19T09:54:10.500Z", "value": "0.00002043", "sender": 25, "receiver": 5, "is_otp_verfied": true, "is_validated": true, "status": "successful", "tx_hash": "34874F5C2B6C53DF29C79E28394993336E7E31095AA0EEBD0C54C4905A92022C", "last_ledger_sequence": "55562692", "sequence": "55436643", "error_message": null, "error_code": null}}, {"model": "ripple_wallet.stbtransaction", "pk": 12, "fields": {"created_date": "2020-05-19T10:10:11.627Z", "modified_date": "2020-05-19T10:11:23.361Z", "value": "0.00004000", "sender": 25, "receiver": 5, "is_otp_verfied": true, "is_validated": false, "status": "failed", "tx_hash": "2E03C3FA6884E230F64DE6AD903FF38C964DF870629BB218E3B65932798A9429", "last_ledger_sequence": "55562957", "sequence": "55436644", "error_message": "Fee insufficient.", "error_code": "telINSUF_FEE_P"}}, {"model": "ripple_wallet.stbtransaction", "pk": 13, "fields": {"created_date": "2020-05-19T10:18:40.939Z", "modified_date": "2020-05-19T10:20:29.237Z", "value": "0.00004000", "sender": 25, "receiver": 5, "is_otp_verfied": true, "is_validated": false, "status": "failed", "tx_hash": "90E3E8D046AE900257FA8A773C120244FA1C1433730ABABEB5319C6525E5982F", "last_ledger_sequence": "55563100", "sequence": "55436644", "error_message": "Fee insufficient.", "error_code": "telINSUF_FEE_P"}}, {"model": "ripple_wallet.stbtransaction", "pk": 14, "fields": {"created_date": "2020-05-19T10:22:35.261Z", "modified_date": "2020-05-19T10:23:46.370Z", "value": "0.00004000", "sender": 25, "receiver": 5, "is_otp_verfied": true, "is_validated": false, "status": "failed", "tx_hash": "AA7DB1FBF993552DA7E493AAC2CF6CD9AB2616AB256EBC0388BC28D929F90C68", "last_ledger_sequence": "55563152", "sequence": "55436644", "error_message": "Fee insufficient.", "error_code": "telINSUF_FEE_P"}}, {"model": "ripple_wallet.stbtransaction", "pk": 15, "fields": {"created_date": "2020-05-19T10:30:48.463Z", "modified_date": "2020-05-19T10:31:59.451Z", "value": "0.00040000", "sender": 25, "receiver": 5, "is_otp_verfied": true, "is_validated": true, "status": "successful", "tx_hash": "E1B5BA5B691FA8065A2650FD211914850E6587A483B53F8BD1B00AF589D7540E", "last_ledger_sequence": "55563282", "sequence": "55436644", "error_message": null, "error_code": null}}, {"model": "ripple_wallet.stbtransaction", "pk": 16, "fields": {"created_date": "2020-05-21T17:16:32.869Z", "modified_date": "2020-05-21T17:16:32.869Z", "value": "0E-8", "sender": 25, "receiver": 5, "is_otp_verfied": false, "is_validated": false, "status": "pending", "tx_hash": null, "last_ledger_sequence": null, "sequence": null, "error_message": null, "error_code": null}}, {"model": "ripple_wallet.stbtransaction", "pk": 17, "fields": {"created_date": "2020-05-22T11:21:30.469Z", "modified_date": "2020-05-22T11:21:30.469Z", "value": "0E-8", "sender": 25, "receiver": 5, "is_otp_verfied": false, "is_validated": false, "status": "pending", "tx_hash": null, "last_ledger_sequence": null, "sequence": null, "error_message": null, "error_code": null}}, {"model": "ripple_wallet.stbtransaction", "pk": 18, "fields": {"created_date": "2020-05-22T12:16:12.183Z", "modified_date": "2020-05-22T12:17:55.412Z", "value": "0.00002430", "sender": 25, "receiver": 5, "is_otp_verfied": true, "is_validated": true, "status": "successful", "tx_hash": "AD3AE998927265688BBD58650E3BAB06517A2891FD4B320F00A23FED3E93B4BA", "last_ledger_sequence": "55631970", "sequence": "55436645", "error_message": null, "error_code": null}}, {"model": "ripple_wallet.stbtransaction", "pk": 19, "fields": {"created_date": "2020-05-22T12:31:49.781Z", "modified_date": "2020-05-22T12:33:07.078Z", "value": "0.00053000", "sender": 25, "receiver": 5, "is_otp_verfied": true, "is_validated": true, "status": "successful", "tx_hash": "84553DDA09D08732F9C29418633E41B368BB91E70776E7B7EF088969EA0779CB", "last_ledger_sequence": "55632202", "sequence": "55436646", "error_message": null, "error_code": null}}, {"model": "ripple_wallet.stbtransaction", "pk": 20, "fields": {"created_date": "2020-05-23T04:42:44.038Z", "modified_date": "2020-05-23T04:42:44.038Z", "value": "0.00003000", "sender": 25, "receiver": 5, "is_otp_verfied": false, "is_validated": false, "status": "pending", "tx_hash": null, "last_ledger_sequence": null, "sequence": null, "error_message": null, "error_code": null}}, {"model": "ripple_wallet.stbtransaction", "pk": 21, "fields": {"created_date": "2020-05-23T10:34:47.393Z", "modified_date": "2020-05-23T10:34:47.393Z", "value": "4E-8", "sender": 25, "receiver": 5, "is_otp_verfied": false, "is_validated": false, "status": "pending", "tx_hash": null, "last_ledger_sequence": null, "sequence": null, "error_message": null, "error_code": null}}, {"model": "ripple_wallet.stbtransaction", "pk": 22, "fields": {"created_date": "2020-05-23T10:52:14.707Z", "modified_date": "2020-05-23T10:52:14.708Z", "value": "4.0E-7", "sender": 25, "receiver": 5, "is_otp_verfied": false, "is_validated": false, "status": "pending", "tx_hash": null, "last_ledger_sequence": null, "sequence": null, "error_message": null, "error_code": null}}, {"model": "ripple_wallet.stbtransaction", "pk": 23, "fields": {"created_date": "2020-05-23T12:14:37.327Z", "modified_date": "2020-05-23T12:16:57.291Z", "value": "0.00003000", "sender": 5, "receiver": 35, "is_otp_verfied": true, "is_validated": true, "status": "failed", "tx_hash": "D2946CC501B8675C7A4348099262E2BF618336C51B72E54E6731F6AFA4442023", "last_ledger_sequence": "55654514", "sequence": "272", "error_message": "Destination does not exist. Send XRP to create it.", "error_code": "tecNO_DST"}}, {"model": "ripple_wallet.stbtransaction", "pk": 24, "fields": {"created_date": "2020-05-23T12:18:46.287Z", "modified_date": "2020-05-23T12:21:51.336Z", "value": "0.00003000", "sender": 5, "receiver": 35, "is_otp_verfied": true, "is_validated": true, "status": "failed", "tx_hash": "24CB88B9F6D1C9409BFF4BA250787132B48121E5FD52D0FAE776AF64B927228B", "last_ledger_sequence": "55654592", "sequence": "273", "error_message": "Destination does not exist. Send XRP to create it.", "error_code": "tecNO_DST"}}, {"model": "ripple_wallet.stbtransaction", "pk": 25, "fields": {"created_date": "2020-05-23T12:24:22.755Z", "modified_date": "2020-05-23T12:25:15.364Z", "value": "0.00003000", "sender": 5, "receiver": 35, "is_otp_verfied": true, "is_validated": true, "status": "failed", "tx_hash": "56871D5EB2DA1AA9442B2CDA07092781479C366EE2B8FE314A656683C691BF33", "last_ledger_sequence": "55654644", "sequence": "274", "error_message": "Destination does not exist. Send XRP to create it.", "error_code": "tecNO_DST"}}, {"model": "ripple_wallet.stbtransaction", "pk": 26, "fields": {"created_date": "2020-05-23T13:11:13.327Z", "modified_date": "2020-05-23T13:12:29.298Z", "value": "0.00002000", "sender": 25, "receiver": 5, "is_otp_verfied": true, "is_validated": true, "status": "successful", "tx_hash": "5EF00EB46DB544C8992564F03CBB2344EE75B7F9A6D6BFC4A53AC4493FE42F47", "last_ledger_sequence": "55655388", "sequence": "55436647", "error_message": null, "error_code": null}}, {"model": "ripple_wallet.stbtransaction", "pk": 27, "fields": {"created_date": "2020-05-23T14:50:13.835Z", "modified_date": "2020-05-23T14:50:13.835Z", "value": "0.00003000", "sender": 5, "receiver": 25, "is_otp_verfied": false, "is_validated": false, "status": "pending", "tx_hash": null, "last_ledger_sequence": null, "sequence": null, "error_message": null, "error_code": null}}, {"model": "ripple_wallet.stbtransaction", "pk": 28, "fields": {"created_date": "2020-05-23T14:59:20.182Z", "modified_date": "2020-05-23T15:08:53.279Z", "value": "0.00006000", "sender": 25, "receiver": 5, "is_otp_verfied": true, "is_validated": true, "status": "successful", "tx_hash": "8778B32D7DCFBC14696FF92B7A9758B3204A9BF328E43893AFBA162F14651824", "last_ledger_sequence": "55657215", "sequence": "55436648", "error_message": null, "error_code": null}}, {"model": "ripple_wallet.stbtransaction", "pk": 29, "fields": {"created_date": "2020-05-23T15:00:58.951Z", "modified_date": "2020-05-23T15:04:13.540Z", "value": "0.00003000", "sender": 5, "receiver": 25, "is_otp_verfied": true, "is_validated": true, "status": "successful", "tx_hash": "3FC3574A4AC6C5E551B997E2D40EEB3D49A640BEF967E1C77A8754E67B1F07BB", "last_ledger_sequence": "55657140", "sequence": "275", "error_message": null, "error_code": null}}, {"model": "ripple_wallet.stbtransaction", "pk": 30, "fields": {"created_date": "2020-05-23T15:16:00.628Z", "modified_date": "2020-05-23T15:16:24.434Z", "value": "0.00001000", "sender": 25, "receiver": 5, "is_otp_verfied": true, "is_validated": true, "status": "successful", "tx_hash": "DC9C3CFB87752DC91B11C65B6AFE191C1A428755F2FD800318761F4B32A18516", "last_ledger_sequence": "55657333", "sequence": "55436649", "error_message": null, "error_code": null}}, {"model": "ripple_wallet.stbtransaction", "pk": 31, "fields": {"created_date": "2020-05-23T16:33:20.102Z", "modified_date": "2020-05-23T16:33:20.102Z", "value": "0.00010000", "sender": 5, "receiver": 25, "is_otp_verfied": false, "is_validated": false, "status": "pending", "tx_hash": null, "last_ledger_sequence": null, "sequence": null, "error_message": null, "error_code": null}}, {"model": "auth.permission", "pk": 1, "fields": {"name": "Can add log entry", "content_type": 1, "codename": "add_logentry"}}, {"model": "auth.permission", "pk": 2, "fields": {"name": "Can change log entry", "content_type": 1, "codename": "change_logentry"}}, {"model": "auth.permission", "pk": 3, "fields": {"name": "Can delete log entry", "content_type": 1, "codename": "delete_logentry"}}, {"model": "auth.permission", "pk": 4, "fields": {"name": "Can view log entry", "content_type": 1, "codename": "view_logentry"}}, {"model": "auth.permission", "pk": 5, "fields": {"name": "Can add permission", "content_type": 2, "codename": "add_permission"}}, {"model": "auth.permission", "pk": 6, "fields": {"name": "Can change permission", "content_type": 2, "codename": "change_permission"}}, {"model": "auth.permission", "pk": 7, "fields": {"name": "Can delete permission", "content_type": 2, "codename": "delete_permission"}}, {"model": "auth.permission", "pk": 8, "fields": {"name": "Can view permission", "content_type": 2, "codename": "view_permission"}}, {"model": "auth.permission", "pk": 9, "fields": {"name": "Can add group", "content_type": 3, "codename": "add_group"}}, {"model": "auth.permission", "pk": 10, "fields": {"name": "Can change group", "content_type": 3, "codename": "change_group"}}, {"model": "auth.permission", "pk": 11, "fields": {"name": "Can delete group", "content_type": 3, "codename": "delete_group"}}, {"model": "auth.permission", "pk": 12, "fields": {"name": "Can view group", "content_type": 3, "codename": "view_group"}}, {"model": "auth.permission", "pk": 13, "fields": {"name": "Can add content type", "content_type": 4, "codename": "add_contenttype"}}, {"model": "auth.permission", "pk": 14, "fields": {"name": "Can change content type", "content_type": 4, "codename": "change_contenttype"}}, {"model": "auth.permission", "pk": 15, "fields": {"name": "Can delete content type", "content_type": 4, "codename": "delete_contenttype"}}, {"model": "auth.permission", "pk": 16, "fields": {"name": "Can view content type", "content_type": 4, "codename": "view_contenttype"}}, {"model": "auth.permission", "pk": 17, "fields": {"name": "Can add session", "content_type": 5, "codename": "add_session"}}, {"model": "auth.permission", "pk": 18, "fields": {"name": "Can change session", "content_type": 5, "codename": "change_session"}}, {"model": "auth.permission", "pk": 19, "fields": {"name": "Can delete session", "content_type": 5, "codename": "delete_session"}}, {"model": "auth.permission", "pk": 20, "fields": {"name": "Can view session", "content_type": 5, "codename": "view_session"}}, {"model": "auth.permission", "pk": 21, "fields": {"name": "Can add user profile", "content_type": 6, "codename": "add_userprofile"}}, {"model": "auth.permission", "pk": 22, "fields": {"name": "Can change user profile", "content_type": 6, "codename": "change_userprofile"}}, {"model": "auth.permission", "pk": 23, "fields": {"name": "Can delete user profile", "content_type": 6, "codename": "delete_userprofile"}}, {"model": "auth.permission", "pk": 24, "fields": {"name": "Can view user profile", "content_type": 6, "codename": "view_userprofile"}}, {"model": "auth.permission", "pk": 25, "fields": {"name": "Can add user", "content_type": 7, "codename": "add_user"}}, {"model": "auth.permission", "pk": 26, "fields": {"name": "Can change user", "content_type": 7, "codename": "change_user"}}, {"model": "auth.permission", "pk": 27, "fields": {"name": "Can delete user", "content_type": 7, "codename": "delete_user"}}, {"model": "auth.permission", "pk": 28, "fields": {"name": "Can view user", "content_type": 7, "codename": "view_user"}}, {"model": "auth.permission", "pk": 29, "fields": {"name": "Can add Token", "content_type": 8, "codename": "add_token"}}, {"model": "auth.permission", "pk": 30, "fields": {"name": "Can change Token", "content_type": 8, "codename": "change_token"}}, {"model": "auth.permission", "pk": 31, "fields": {"name": "Can delete Token", "content_type": 8, "codename": "delete_token"}}, {"model": "auth.permission", "pk": 32, "fields": {"name": "Can view Token", "content_type": 8, "codename": "view_token"}}, {"model": "auth.permission", "pk": 33, "fields": {"name": "Can add Password Reset Token", "content_type": 9, "codename": "add_resetpasswordtoken"}}, {"model": "auth.permission", "pk": 34, "fields": {"name": "Can change Password Reset Token", "content_type": 9, "codename": "change_resetpasswordtoken"}}, {"model": "auth.permission", "pk": 35, "fields": {"name": "Can delete Password Reset Token", "content_type": 9, "codename": "delete_resetpasswordtoken"}}, {"model": "auth.permission", "pk": 36, "fields": {"name": "Can view Password Reset Token", "content_type": 9, "codename": "view_resetpasswordtoken"}}, {"model": "auth.permission", "pk": 37, "fields": {"name": "Can add blockcypher wallet", "content_type": 17, "codename": "add_blockcypherwallet"}}, {"model": "auth.permission", "pk": 38, "fields": {"name": "Can change blockcypher wallet", "content_type": 17, "codename": "change_blockcypherwallet"}}, {"model": "auth.permission", "pk": 39, "fields": {"name": "Can delete blockcypher wallet", "content_type": 17, "codename": "delete_blockcypherwallet"}}, {"model": "auth.permission", "pk": 40, "fields": {"name": "Can view blockcypher wallet", "content_type": 17, "codename": "view_blockcypherwallet"}}, {"model": "auth.permission", "pk": 41, "fields": {"name": "Can add deposit transaction", "content_type": 16, "codename": "add_deposittransaction"}}, {"model": "auth.permission", "pk": 42, "fields": {"name": "Can change deposit transaction", "content_type": 16, "codename": "change_deposittransaction"}}, {"model": "auth.permission", "pk": 43, "fields": {"name": "Can delete deposit transaction", "content_type": 16, "codename": "delete_deposittransaction"}}, {"model": "auth.permission", "pk": 44, "fields": {"name": "Can view deposit transaction", "content_type": 16, "codename": "view_deposittransaction"}}, {"model": "auth.permission", "pk": 45, "fields": {"name": "Can add commission", "content_type": 13, "codename": "add_commission"}}, {"model": "auth.permission", "pk": 46, "fields": {"name": "Can change commission", "content_type": 13, "codename": "change_commission"}}, {"model": "auth.permission", "pk": 47, "fields": {"name": "Can delete commission", "content_type": 13, "codename": "delete_commission"}}, {"model": "auth.permission", "pk": 48, "fields": {"name": "Can view commission", "content_type": 13, "codename": "view_commission"}}, {"model": "auth.permission", "pk": 49, "fields": {"name": "Can add receiving address", "content_type": 18, "codename": "add_receivingaddress"}}, {"model": "auth.permission", "pk": 50, "fields": {"name": "Can change receiving address", "content_type": 18, "codename": "change_receivingaddress"}}, {"model": "auth.permission", "pk": 51, "fields": {"name": "Can delete receiving address", "content_type": 18, "codename": "delete_receivingaddress"}}, {"model": "auth.permission", "pk": 52, "fields": {"name": "Can view receiving address", "content_type": 18, "codename": "view_receivingaddress"}}, {"model": "auth.permission", "pk": 53, "fields": {"name": "Can add commission transaction", "content_type": 10, "codename": "add_commissiontransaction"}}, {"model": "auth.permission", "pk": 54, "fields": {"name": "Can change commission transaction", "content_type": 10, "codename": "change_commissiontransaction"}}, {"model": "auth.permission", "pk": 55, "fields": {"name": "Can delete commission transaction", "content_type": 10, "codename": "delete_commissiontransaction"}}, {"model": "auth.permission", "pk": 56, "fields": {"name": "Can view commission transaction", "content_type": 10, "codename": "view_commissiontransaction"}}, {"model": "auth.permission", "pk": 57, "fields": {"name": "Can add wallet address", "content_type": 11, "codename": "add_walletaddress"}}, {"model": "auth.permission", "pk": 58, "fields": {"name": "Can change wallet address", "content_type": 11, "codename": "change_walletaddress"}}, {"model": "auth.permission", "pk": 59, "fields": {"name": "Can delete wallet address", "content_type": 11, "codename": "delete_walletaddress"}}, {"model": "auth.permission", "pk": 60, "fields": {"name": "Can view wallet address", "content_type": 11, "codename": "view_walletaddress"}}, {"model": "auth.permission", "pk": 61, "fields": {"name": "Can add bitcoin account", "content_type": 12, "codename": "add_bitcoinaccount"}}, {"model": "auth.permission", "pk": 62, "fields": {"name": "Can change bitcoin account", "content_type": 12, "codename": "change_bitcoinaccount"}}, {"model": "auth.permission", "pk": 63, "fields": {"name": "Can delete bitcoin account", "content_type": 12, "codename": "delete_bitcoinaccount"}}, {"model": "auth.permission", "pk": 64, "fields": {"name": "Can view bitcoin account", "content_type": 12, "codename": "view_bitcoinaccount"}}, {"model": "auth.permission", "pk": 65, "fields": {"name": "Can add master seed", "content_type": 19, "codename": "add_masterseed"}}, {"model": "auth.permission", "pk": 66, "fields": {"name": "Can change master seed", "content_type": 19, "codename": "change_masterseed"}}, {"model": "auth.permission", "pk": 67, "fields": {"name": "Can delete master seed", "content_type": 19, "codename": "delete_masterseed"}}, {"model": "auth.permission", "pk": 68, "fields": {"name": "Can view master seed", "content_type": 19, "codename": "view_masterseed"}}, {"model": "auth.permission", "pk": 69, "fields": {"name": "Can add withdraw transaction", "content_type": 14, "codename": "add_withdrawtransaction"}}, {"model": "auth.permission", "pk": 70, "fields": {"name": "Can change withdraw transaction", "content_type": 14, "codename": "change_withdrawtransaction"}}, {"model": "auth.permission", "pk": 71, "fields": {"name": "Can delete withdraw transaction", "content_type": 14, "codename": "delete_withdrawtransaction"}}, {"model": "auth.permission", "pk": 72, "fields": {"name": "Can view withdraw transaction", "content_type": 14, "codename": "view_withdrawtransaction"}}, {"model": "auth.permission", "pk": 73, "fields": {"name": "Can add bitcoin wallet", "content_type": 15, "codename": "add_bitcoinwallet"}}, {"model": "auth.permission", "pk": 74, "fields": {"name": "Can change bitcoin wallet", "content_type": 15, "codename": "change_bitcoinwallet"}}, {"model": "auth.permission", "pk": 75, "fields": {"name": "Can delete bitcoin wallet", "content_type": 15, "codename": "delete_bitcoinwallet"}}, {"model": "auth.permission", "pk": 76, "fields": {"name": "Can view bitcoin wallet", "content_type": 15, "codename": "view_bitcoinwallet"}}, {"model": "auth.permission", "pk": 77, "fields": {"name": "Can add ripple wallet", "content_type": 20, "codename": "add_ripplewallet"}}, {"model": "auth.permission", "pk": 78, "fields": {"name": "Can change ripple wallet", "content_type": 20, "codename": "change_ripplewallet"}}, {"model": "auth.permission", "pk": 79, "fields": {"name": "Can delete ripple wallet", "content_type": 20, "codename": "delete_ripplewallet"}}, {"model": "auth.permission", "pk": 80, "fields": {"name": "Can view ripple wallet", "content_type": 20, "codename": "view_ripplewallet"}}, {"model": "auth.permission", "pk": 81, "fields": {"name": "Can add bitcoin wallet account", "content_type": 22, "codename": "add_bitcoinwalletaccount"}}, {"model": "auth.permission", "pk": 82, "fields": {"name": "Can change bitcoin wallet account", "content_type": 22, "codename": "change_bitcoinwalletaccount"}}, {"model": "auth.permission", "pk": 83, "fields": {"name": "Can delete bitcoin wallet account", "content_type": 22, "codename": "delete_bitcoinwalletaccount"}}, {"model": "auth.permission", "pk": 84, "fields": {"name": "Can view bitcoin wallet account", "content_type": 22, "codename": "view_bitcoinwalletaccount"}}, {"model": "auth.permission", "pk": 85, "fields": {"name": "Can add receiving address", "content_type": 21, "codename": "add_receivingaddress"}}, {"model": "auth.permission", "pk": 86, "fields": {"name": "Can change receiving address", "content_type": 21, "codename": "change_receivingaddress"}}, {"model": "auth.permission", "pk": 87, "fields": {"name": "Can delete receiving address", "content_type": 21, "codename": "delete_receivingaddress"}}, {"model": "auth.permission", "pk": 88, "fields": {"name": "Can view receiving address", "content_type": 21, "codename": "view_receivingaddress"}}, {"model": "auth.permission", "pk": 89, "fields": {"name": "Can add commission", "content_type": 24, "codename": "add_commission"}}, {"model": "auth.permission", "pk": 90, "fields": {"name": "Can change commission", "content_type": 24, "codename": "change_commission"}}, {"model": "auth.permission", "pk": 91, "fields": {"name": "Can delete commission", "content_type": 24, "codename": "delete_commission"}}, {"model": "auth.permission", "pk": 92, "fields": {"name": "Can view commission", "content_type": 24, "codename": "view_commission"}}, {"model": "auth.permission", "pk": 93, "fields": {"name": "Can add receive transaction", "content_type": 23, "codename": "add_receivetransaction"}}, {"model": "auth.permission", "pk": 94, "fields": {"name": "Can change receive transaction", "content_type": 23, "codename": "change_receivetransaction"}}, {"model": "auth.permission", "pk": 95, "fields": {"name": "Can delete receive transaction", "content_type": 23, "codename": "delete_receivetransaction"}}, {"model": "auth.permission", "pk": 96, "fields": {"name": "Can view receive transaction", "content_type": 23, "codename": "view_receivetransaction"}}, {"model": "auth.permission", "pk": 97, "fields": {"name": "Can add issuer wallet", "content_type": 25, "codename": "add_issuerwallet"}}, {"model": "auth.permission", "pk": 98, "fields": {"name": "Can change issuer wallet", "content_type": 25, "codename": "change_issuerwallet"}}, {"model": "auth.permission", "pk": 99, "fields": {"name": "Can delete issuer wallet", "content_type": 25, "codename": "delete_issuerwallet"}}, {"model": "auth.permission", "pk": 100, "fields": {"name": "Can view issuer wallet", "content_type": 25, "codename": "view_issuerwallet"}}, {"model": "auth.permission", "pk": 101, "fields": {"name": "Can add stb transaction", "content_type": 26, "codename": "add_stbtransaction"}}, {"model": "auth.permission", "pk": 102, "fields": {"name": "Can change stb transaction", "content_type": 26, "codename": "change_stbtransaction"}}, {"model": "auth.permission", "pk": 103, "fields": {"name": "Can delete stb transaction", "content_type": 26, "codename": "delete_stbtransaction"}}, {"model": "auth.permission", "pk": 104, "fields": {"name": "Can view stb transaction", "content_type": 26, "codename": "view_stbtransaction"}}, {"model": "accounts.user", "pk": 1, "fields": {"password": "pbkdf2_sha256$150000$fvDCWMnf373Z$jwc7wsbs974dwbHUEAS5sbd8RX7BpXX2R4rj4d8MaVw=", "last_login": null, "is_superuser": false, "username": "test27", "first_name": "", "last_name": "", "is_staff": false, "is_active": true, "date_joined": "2020-04-24T06:14:16.928Z", "email": "test27@qilinlab.com", "phone_verfied": false, "email_verfied": false, "authy_id": null, "groups": [], "user_permissions": []}}, {"model": "accounts.user", "pk": 2, "fields": {"password": "pbkdf2_sha256$180000$mHAmYeEj3mT8$LlgUTZbSsbtg+ZushrPYnoDXPFBz+SHUKEHKvulUKO0=", "last_login": "2020-05-26T10:56:42.857Z", "is_superuser": true, "username": "admin", "first_name": "", "last_name": "", "is_staff": true, "is_active": true, "date_joined": "2020-04-24T06:42:39.094Z", "email": "", "phone_verfied": false, "email_verfied": false, "authy_id": null, "groups": [], "user_permissions": []}}, {"model": "accounts.user", "pk": 3, "fields": {"password": "pbkdf2_sha256$150000$TPlV9TVuOuNm$sAiqOLPICL9iPe7jtiyPtgE7BStJx2Wmv4zHedZUNAk=", "last_login": null, "is_superuser": false, "username": "test28", "first_name": "", "last_name": "", "is_staff": false, "is_active": true, "date_joined": "2020-04-24T11:54:19.196Z", "email": "test28@qilinlab.com", "phone_verfied": true, "email_verfied": true, "authy_id": "253921877", "groups": [], "user_permissions": []}}, {"model": "accounts.user", "pk": 4, "fields": {"password": "pbkdf2_sha256$150000$x2eVFfVKD7zz$b5YIILYNEdlEXDPvIgfHJGhJI7LAOCh7qza0j047YsI=", "last_login": null, "is_superuser": false, "username": "test29", "first_name": "", "last_name": "", "is_staff": false, "is_active": true, "date_joined": "2020-04-24T16:16:51.766Z", "email": "test29@qilinlab.com", "phone_verfied": false, "email_verfied": false, "authy_id": null, "groups": [], "user_permissions": []}}, {"model": "accounts.user", "pk": 5, "fields": {"password": "pbkdf2_sha256$150000$E8CY6zOAK9lv$FeizEYJHztIeTZ9Ix9WaD+65A+ZjiYAV+zCpsjQXY+I=", "last_login": null, "is_superuser": false, "username": "test30", "first_name": "", "last_name": "", "is_staff": false, "is_active": true, "date_joined": "2020-04-24T17:49:56.496Z", "email": "test30@qilinlab.com", "phone_verfied": false, "email_verfied": false, "authy_id": null, "groups": [], "user_permissions": []}}, {"model": "accounts.user", "pk": 6, "fields": {"password": "pbkdf2_sha256$150000$R8ZCl9aj0J7v$NOrAJ0DUiBJ04QHv1DQ4xGdYUmP8fDqxEZR9TMtWoXk=", "last_login": null, "is_superuser": false, "username": "test35", "first_name": "", "last_name": "", "is_staff": false, "is_active": true, "date_joined": "2020-04-27T08:09:26.919Z", "email": "rishabh@in.qilinlab.com", "phone_verfied": false, "email_verfied": true, "authy_id": null, "groups": [], "user_permissions": []}}, {"model": "accounts.user", "pk": 7, "fields": {"password": "pbkdf2_sha256$150000$wDjOOotF2TnZ$2gwaitvLZATbiFgGTkF2lnqrGBWxU8/st7s9G6P4Mwo=", "last_login": null, "is_superuser": false, "username": "test36", "first_name": "", "last_name": "", "is_staff": false, "is_active": true, "date_joined": "2020-04-28T16:47:22.297Z", "email": "jainrishabhpkr@gmail.com", "phone_verfied": true, "email_verfied": false, "authy_id": null, "groups": [], "user_permissions": []}}, {"model": "accounts.user", "pk": 8, "fields": {"password": "pbkdf2_sha256$150000$CmvTB7YOVYuT$4rN/ZDfRlKt16iC1CmSXX3JplyRlZftQanRcmM0RS/8=", "last_login": null, "is_superuser": false, "username": "test40", "first_name": "", "last_name": "", "is_staff": false, "is_active": true, "date_joined": "2020-04-29T12:48:18.828Z", "email": "test40@gmail.com", "phone_verfied": false, "email_verfied": false, "authy_id": null, "groups": [], "user_permissions": []}}, {"model": "accounts.user", "pk": 9, "fields": {"password": "pbkdf2_sha256$150000$KP51NHFAldsd$xXAHNAd4E/s/v8nJAYorCO6rECnKxI+YZzbUsvfFBzA=", "last_login": null, "is_superuser": false, "username": "Test", "first_name": "", "last_name": "", "is_staff": false, "is_active": true, "date_joined": "2020-05-04T17:07:32.044Z", "email": "Test@gmail.com", "phone_verfied": false, "email_verfied": false, "authy_id": null, "groups": [], "user_permissions": []}}, {"model": "accounts.user", "pk": 11, "fields": {"password": "pbkdf2_sha256$150000$QSl9o6zVd0Dw$1PKUdF/YonQG/oNq8cHuY2seLN5X/HVg7lgXK2jEUoA=", "last_login": null, "is_superuser": false, "username": "testalpha1", "first_name": "", "last_name": "", "is_staff": false, "is_active": true, "date_joined": "2020-05-05T04:58:27.600Z", "email": "testaplha1@gmail.com", "phone_verfied": false, "email_verfied": false, "authy_id": null, "groups": [], "user_permissions": []}}, {"model": "accounts.user", "pk": 12, "fields": {"password": "pbkdf2_sha256$150000$4pBf1Voe9RJK$RXbGWWSMYSme68cQYtDY+6HPCe7OIfK5bdygiRC0FXg=", "last_login": null, "is_superuser": false, "username": "Aditya Agarwal", "first_name": "", "last_name": "", "is_staff": false, "is_active": true, "date_joined": "2020-05-05T07:40:18.812Z", "email": "Aditya@qilinlab.com", "phone_verfied": false, "email_verfied": false, "authy_id": null, "groups": [], "user_permissions": []}}, {"model": "accounts.user", "pk": 13, "fields": {"password": "pbkdf2_sha256$150000$Qd5VRlh3GRo3$eA4oDeGpIR+/EXEisEBfnCofqyQgTqWYGipjcr3MG2M=", "last_login": null, "is_superuser": false, "username": "testalpha2", "first_name": "", "last_name": "", "is_staff": false, "is_active": true, "date_joined": "2020-05-05T09:33:30.810Z", "email": "testaplha2@gmail.com", "phone_verfied": false, "email_verfied": false, "authy_id": null, "groups": [], "user_permissions": []}}, {"model": "accounts.user", "pk": 14, "fields": {"password": "pbkdf2_sha256$150000$UUXSJ4duJIUY$wdCDHx5Wah4R1d8KmGdrdhICKUSPFAH/rGYXHedrP8I=", "last_login": null, "is_superuser": false, "username": "testalpha3", "first_name": "", "last_name": "", "is_staff": false, "is_active": true, "date_joined": "2020-05-05T09:34:31.781Z", "email": "testaplha3@gmail.com", "phone_verfied": false, "email_verfied": false, "authy_id": null, "groups": [], "user_permissions": []}}, {"model": "accounts.user", "pk": 15, "fields": {"password": "pbkdf2_sha256$150000$vSAUj8378zBb$+X+6xy0x1PZgageOv+h0WGiZLu/UW9RYiGBibuFDpu8=", "last_login": null, "is_superuser": false, "username": "randomtest", "first_name": "", "last_name": "", "is_staff": false, "is_active": true, "date_joined": "2020-05-06T08:21:08.250Z", "email": "randomtest@gmail.com", "phone_verfied": false, "email_verfied": false, "authy_id": null, "groups": [], "user_permissions": []}}, {"model": "accounts.user", "pk": 16, "fields": {"password": "pbkdf2_sha256$150000$ZUvZ0pWGjQEZ$BJrAiGqSFrrkxmvEFvkOyEtJnFZzU7raV85vjjZnJIA=", "last_login": null, "is_superuser": false, "username": "Manish", "first_name": "", "last_name": "", "is_staff": false, "is_active": true, "date_joined": "2020-05-07T15:38:44.345Z", "email": "Manish@gmail.com", "phone_verfied": false, "email_verfied": false, "authy_id": null, "groups": [], "user_permissions": []}}, {"model": "accounts.user", "pk": 17, "fields": {"password": "pbkdf2_sha256$150000$ByEzhTefIh3L$/+wMArdJAHRt9dF4RwzjUs5GFrMuHSwFi7fsIUJXTlE=", "last_login": null, "is_superuser": false, "username": "bhola", "first_name": "", "last_name": "", "is_staff": false, "is_active": true, "date_joined": "2020-05-08T14:58:15.405Z", "email": "bhola@gmail.com", "phone_verfied": false, "email_verfied": false, "authy_id": null, "groups": [], "user_permissions": []}}, {"model": "accounts.user", "pk": 18, "fields": {"password": "pbkdf2_sha256$150000$JwcigSpcbeXi$yNbXTJA43Qnp1OGCXvexWOzh095pLOPDiIDupuNqCjw=", "last_login": null, "is_superuser": false, "username": "Manish1", "first_name": "", "last_name": "", "is_staff": false, "is_active": true, "date_joined": "2020-05-08T15:27:10.431Z", "email": "Manish@gmail.com", "phone_verfied": false, "email_verfied": false, "authy_id": null, "groups": [], "user_permissions": []}}, {"model": "accounts.user", "pk": 19, "fields": {"password": "pbkdf2_sha256$150000$Jd433o8gQt4B$kwn5AD8qN7iHe9VZQvHHxibjXRNpIzkUZYs+8yo7JZI=", "last_login": null, "is_superuser": false, "username": "Manish2", "first_name": "", "last_name": "", "is_staff": false, "is_active": true, "date_joined": "2020-05-08T15:28:56.935Z", "email": "Manish@gmail.com", "phone_verfied": false, "email_verfied": false, "authy_id": null, "groups": [], "user_permissions": []}}, {"model": "accounts.user", "pk": 20, "fields": {"password": "pbkdf2_sha256$150000$vsRd7TBOKwiR$D9QQICOWm0LIuKLQBy6G0/BmWOKAKrizn0hxzTpxm1c=", "last_login": null, "is_superuser": false, "username": "Manish4", "first_name": "", "last_name": "", "is_staff": false, "is_active": true, "date_joined": "2020-05-08T15:31:03.294Z", "email": "Manish@gmail.com", "phone_verfied": false, "email_verfied": false, "authy_id": null, "groups": [], "user_permissions": []}}, {"model": "accounts.user", "pk": 21, "fields": {"password": "pbkdf2_sha256$150000$0qPxMPHPaTAG$njc0iYhYPmF9KnvEzsO6W+UwFoRxzCg5jqdkBjv5Daw=", "last_login": null, "is_superuser": false, "username": "Manish5", "first_name": "", "last_name": "", "is_staff": false, "is_active": true, "date_joined": "2020-05-08T15:32:34.750Z", "email": "Manish@gmail.com", "phone_verfied": false, "email_verfied": false, "authy_id": null, "groups": [], "user_permissions": []}}, {"model": "accounts.user", "pk": 22, "fields": {"password": "pbkdf2_sha256$150000$AXyRsOUizP8Y$jmVVMXOwu0SaoNxsTytZLNRoilfF4UsM1dhFrFzrKhk=", "last_login": null, "is_superuser": false, "username": "Manish6", "first_name": "", "last_name": "", "is_staff": false, "is_active": true, "date_joined": "2020-05-08T15:34:04.157Z", "email": "Manish@gmail.com", "phone_verfied": false, "email_verfied": false, "authy_id": null, "groups": [], "user_permissions": []}}, {"model": "accounts.user", "pk": 23, "fields": {"password": "pbkdf2_sha256$150000$pXH36dZOeZ4v$FRRehmlGBX4buC/o/2jG44AoA5+xFEMJrNtprrdByL8=", "last_login": null, "is_superuser": false, "username": "Anish", "first_name": "", "last_name": "", "is_staff": false, "is_active": true, "date_joined": "2020-05-08T15:52:47.973Z", "email": "Anish@gmail.com", "phone_verfied": false, "email_verfied": false, "authy_id": null, "groups": [], "user_permissions": []}}, {"model": "accounts.user", "pk": 24, "fields": {"password": "pbkdf2_sha256$150000$2IwcSg3uOcoj$TnqEULkwgcYa7HTH2Mb9Oa/a6kAsBUcCEoA3nsaelqY=", "last_login": null, "is_superuser": false, "username": "Anish1", "first_name": "", "last_name": "", "is_staff": false, "is_active": true, "date_joined": "2020-05-09T05:21:48.114Z", "email": "Anish@gmail.com", "phone_verfied": false, "email_verfied": false, "authy_id": null, "groups": [], "user_permissions": []}}, {"model": "accounts.user", "pk": 25, "fields": {"password": "pbkdf2_sha256$150000$3GgANXAOYqSV$gXYT8tTLkvunEN/9b/Mwxh/mVoKgdFbUh1QecNoLJuc=", "last_login": null, "is_superuser": false, "username": "Anish3", "first_name": "", "last_name": "", "is_staff": false, "is_active": true, "date_joined": "2020-05-09T05:25:13.380Z", "email": "Anish@gmail.com", "phone_verfied": false, "email_verfied": false, "authy_id": null, "groups": [], "user_permissions": []}}, {"model": "accounts.user", "pk": 26, "fields": {"password": "pbkdf2_sha256$150000$vIeayMxeYhS6$/LugcYo+JilQ7XyuWtRIYSLofh03T1EtdEfR6tfFfOE=", "last_login": null, "is_superuser": false, "username": "Anish4", "first_name": "", "last_name": "", "is_staff": false, "is_active": true, "date_joined": "2020-05-09T05:29:10.900Z", "email": "Anish@gmail.com", "phone_verfied": false, "email_verfied": false, "authy_id": null, "groups": [], "user_permissions": []}}, {"model": "accounts.user", "pk": 27, "fields": {"password": "pbkdf2_sha256$150000$SMgWdBmzdtnf$1dA2sar/K1xWStBoi+MrFV9llu9uwXGj8rIEFs49HmU=", "last_login": null, "is_superuser": false, "username": "Anish5", "first_name": "", "last_name": "", "is_staff": false, "is_active": true, "date_joined": "2020-05-09T05:39:19.567Z", "email": "Anish@gmail.com", "phone_verfied": false, "email_verfied": false, "authy_id": null, "groups": [], "user_permissions": []}}, {"model": "accounts.user", "pk": 28, "fields": {"password": "pbkdf2_sha256$150000$TigvnibuROQf$aPhBUJ+td0fl0bvUtJ9WeAH7VDKVN/Fp/j2tFiMc1Oc=", "last_login": null, "is_superuser": false, "username": "Anish6", "first_name": "", "last_name": "", "is_staff": false, "is_active": true, "date_joined": "2020-05-09T05:55:53.471Z", "email": "Anush@gmail.com", "phone_verfied": false, "email_verfied": false, "authy_id": null, "groups": [], "user_permissions": []}}, {"model": "accounts.user", "pk": 29, "fields": {"password": "pbkdf2_sha256$150000$mg8wEHl2GHXN$ai9K4NFhZ+ir7lJujRJsCNdQRbSp0y24H93FYN8YoCI=", "last_login": null, "is_superuser": false, "username": "Anish8", "first_name": "", "last_name": "", "is_staff": false, "is_active": true, "date_joined": "2020-05-09T12:01:57.277Z", "email": "Anish@gmail.com", "phone_verfied": false, "email_verfied": false, "authy_id": null, "groups": [], "user_permissions": []}}, {"model": "accounts.user", "pk": 30, "fields": {"password": "pbkdf2_sha256$150000$bj7vIgxNS2KG$G03l+W5OkxZvKBYnJrAAfhFJtbrcaqgFevuKUXmcrsY=", "last_login": null, "is_superuser": false, "username": "Anupma", "first_name": "", "last_name": "", "is_staff": false, "is_active": true, "date_joined": "2020-05-09T12:03:36.989Z", "email": "Anupma@gmail.com", "phone_verfied": false, "email_verfied": false, "authy_id": null, "groups": [], "user_permissions": []}}, {"model": "accounts.user", "pk": 31, "fields": {"password": "pbkdf2_sha256$150000$iNAED4QKG7D2$Cww4BYI6ybAmSN/ejpJYkYbBNjLn6zAAKTAOypyGTWo=", "last_login": null, "is_superuser": false, "username": "Akash", "first_name": "", "last_name": "", "is_staff": false, "is_active": true, "date_joined": "2020-05-09T12:05:14.096Z", "email": "Akash@gmail.com", "phone_verfied": false, "email_verfied": false, "authy_id": null, "groups": [], "user_permissions": []}}, {"model": "accounts.user", "pk": 32, "fields": {"password": "pbkdf2_sha256$150000$Eq6VNqWlkBLP$pW2U+WcWdHRNtpzCFQbuqwZAgnHrYN9EIb0kznL8K2E=", "last_login": null, "is_superuser": false, "username": "Aksah1", "first_name": "", "last_name": "", "is_staff": false, "is_active": true, "date_joined": "2020-05-09T12:14:58.012Z", "email": "Akash@gmail.com", "phone_verfied": false, "email_verfied": false, "authy_id": null, "groups": [], "user_permissions": []}}, {"model": "accounts.user", "pk": 33, "fields": {"password": "pbkdf2_sha256$150000$8bMZ8R9TXW5d$OIbimTgY1qpW2SCWs3n2F5UH0hj/USLMH/22bv37dCY=", "last_login": null, "is_superuser": false, "username": "Sumit", "first_name": "", "last_name": "", "is_staff": false, "is_active": true, "date_joined": "2020-05-09T13:55:38.801Z", "email": "Sumit@gmail.com", "phone_verfied": true, "email_verfied": false, "authy_id": null, "groups": [], "user_permissions": []}}, {"model": "accounts.user", "pk": 34, "fields": {"password": "pbkdf2_sha256$150000$T24M86sXQotS$xE1soPXvE13C2p6966rB327HHXLkoiThUtvu2yBM2dc=", "last_login": null, "is_superuser": false, "username": "Sumit1", "first_name": "", "last_name": "", "is_staff": false, "is_active": true, "date_joined": "2020-05-09T13:58:56.277Z", "email": "Sumit@gmail.com", "phone_verfied": false, "email_verfied": false, "authy_id": null, "groups": [], "user_permissions": []}}, {"model": "accounts.user", "pk": 35, "fields": {"password": "pbkdf2_sha256$150000$hRzSrR1RpI40$qMa2MGqJnRdsGa9ndyO0nxFiT2dFnP89bkC7O4U45N8=", "last_login": null, "is_superuser": false, "username": "Sumit2", "first_name": "", "last_name": "", "is_staff": false, "is_active": true, "date_joined": "2020-05-09T14:12:27.525Z", "email": "Sumit@gmail.com", "phone_verfied": false, "email_verfied": false, "authy_id": null, "groups": [], "user_permissions": []}}, {"model": "accounts.user", "pk": 36, "fields": {"password": "pbkdf2_sha256$150000$6deIH0TBIzAb$UNpvMDIGxHVAbspXXlQxPN4VPuGhUeZmBw3l1wRydiU=", "last_login": null, "is_superuser": false, "username": "Sumit3", "first_name": "", "last_name": "", "is_staff": false, "is_active": true, "date_joined": "2020-05-09T14:15:37.835Z", "email": "Sumit@gmail.com", "phone_verfied": false, "email_verfied": false, "authy_id": null, "groups": [], "user_permissions": []}}, {"model": "accounts.user", "pk": 37, "fields": {"password": "pbkdf2_sha256$150000$Zi2TMq7ZLgyI$NX/GUxs5KYtvl0535cV9/8SGYJJfSkyS0T/+UeyvpCM=", "last_login": null, "is_superuser": false, "username": "Sumit4", "first_name": "", "last_name": "", "is_staff": false, "is_active": true, "date_joined": "2020-05-09T14:19:15.009Z", "email": "Sumit@gmail.com", "phone_verfied": true, "email_verfied": false, "authy_id": null, "groups": [], "user_permissions": []}}, {"model": "accounts.user", "pk": 38, "fields": {"password": "pbkdf2_sha256$150000$yl5pmFwr6pxt$JQkGI12nqquRsXT5Wjnj5aOqAYTqe58oFI3/XRnLwvY=", "last_login": null, "is_superuser": false, "username": "Bhola608", "first_name": "", "last_name": "", "is_staff": false, "is_active": true, "date_joined": "2020-05-09T14:46:16.291Z", "email": "Bhola@gmail.com", "phone_verfied": true, "email_verfied": false, "authy_id": null, "groups": [], "user_permissions": []}}, {"model": "accounts.user", "pk": 39, "fields": {"password": "pbkdf2_sha256$150000$ma2NKC6hcfGE$CAgZUDhQTgqDh33Gq+7ZDPBYSY0Cfx5U14LErJV7znE=", "last_login": null, "is_superuser": false, "username": "Bhola810", "first_name": "", "last_name": "", "is_staff": false, "is_active": true, "date_joined": "2020-05-09T14:47:15.543Z", "email": "Bhola810@gmail.com", "phone_verfied": false, "email_verfied": false, "authy_id": null, "groups": [], "user_permissions": []}}, {"model": "accounts.user", "pk": 40, "fields": {"password": "pbkdf2_sha256$150000$qnWVYyvQkLXM$07e8waN8gj+gOM2ki0IFrby44KiJJh6K9G4ydkD7h+w=", "last_login": null, "is_superuser": false, "username": "bhola1", "first_name": "", "last_name": "", "is_staff": false, "is_active": true, "date_joined": "2020-05-10T04:51:10.346Z", "email": "ashishkumar810@gmail.com", "phone_verfied": false, "email_verfied": true, "authy_id": null, "groups": [], "user_permissions": []}}, {"model": "accounts.user", "pk": 41, "fields": {"password": "pbkdf2_sha256$150000$Zfz9foXe0e6v$cqbTb67scIP9Tkti3Gwf4AfzGJlP2fYq7JA+Nv2wf88=", "last_login": null, "is_superuser": false, "username": "Bhola5", "first_name": "", "last_name": "", "is_staff": false, "is_active": true, "date_joined": "2020-05-10T05:16:32.635Z", "email": "rajneeshsumit111.sk@gmail.com", "phone_verfied": false, "email_verfied": false, "authy_id": null, "groups": [], "user_permissions": []}}, {"model": "accounts.user", "pk": 42, "fields": {"password": "pbkdf2_sha256$150000$CBDlf5yIBEXO$/OPKO4Qeb9HA75PL6CdzUJX2imyX4ETnrO5nquu/gJ8=", "last_login": null, "is_superuser": false, "username": "aditya", "first_name": "", "last_name": "", "is_staff": false, "is_active": true, "date_joined": "2020-05-10T05:38:39.273Z", "email": "aditya@qilinlab.com", "phone_verfied": true, "email_verfied": true, "authy_id": null, "groups": [], "user_permissions": []}}, {"model": "accounts.user", "pk": 43, "fields": {"password": "pbkdf2_sha256$150000$8s2L9wJCDvK5$yyvA1gtM8nVw3YFJCqU7+CjVVBXXqcPjcUslloiLnIU=", "last_login": null, "is_superuser": false, "username": "rightintourheart", "first_name": "", "last_name": "", "is_staff": false, "is_active": true, "date_joined": "2020-05-10T06:56:58.454Z", "email": "asitya@goyalhosiery.com", "phone_verfied": false, "email_verfied": false, "authy_id": null, "groups": [], "user_permissions": []}}, {"model": "accounts.user", "pk": 45, "fields": {"password": "pbkdf2_sha256$150000$pX4UnfdlJCoz$pwTsfQJLftWnIGgaUygI9RPSIP5+9wQpzpcwLEMLXIA=", "last_login": "2020-05-25T14:38:25.595Z", "is_superuser": true, "username": "test", "first_name": "", "last_name": "", "is_staff": true, "is_active": true, "date_joined": "2020-05-10T18:23:31.433Z", "email": "", "phone_verfied": false, "email_verfied": false, "authy_id": null, "groups": [], "user_permissions": []}}, {"model": "accounts.user", "pk": 57, "fields": {"password": "pbkdf2_sha256$150000$PPTJrMS5LrlC$UXLl4xLv0GE6u/LMg9foq+Hx8iu2RdBr2SA5TGKzH1w=", "last_login": null, "is_superuser": false, "username": "kbihani29", "first_name": "", "last_name": "", "is_staff": false, "is_active": true, "date_joined": "2020-05-12T10:50:28.339Z", "email": "kailashbihani29@gmail.com", "phone_verfied": true, "email_verfied": true, "authy_id": "259533717", "groups": [], "user_permissions": []}}, {"model": "accounts.user", "pk": 63, "fields": {"password": "pbkdf2_sha256$150000$aXowe3GhvUq1$TJrohNggGEFT4eD7orQP5Q/lYQLhFK/OxRuQGzhYtIw=", "last_login": null, "is_superuser": false, "username": "tryaditya", "first_name": "", "last_name": "", "is_staff": false, "is_active": true, "date_joined": "2020-05-13T17:12:25.010Z", "email": "marketing@qilinlab.com", "phone_verfied": true, "email_verfied": true, "authy_id": null, "groups": [], "user_permissions": []}}, {"model": "accounts.user", "pk": 64, "fields": {"password": "pbkdf2_sha256$150000$3OGPef1D6TAy$3JzGs74NI6pr1f2inQuryESQgpphVUkdAIY7xFTu1b8=", "last_login": null, "is_superuser": false, "username": "Jkscanada12", "first_name": "", "last_name": "", "is_staff": false, "is_active": true, "date_joined": "2020-05-13T19:17:18.946Z", "email": "Jkscanada@hotmail.com", "phone_verfied": false, "email_verfied": false, "authy_id": null, "groups": [], "user_permissions": []}}, {"model": "accounts.user", "pk": 65, "fields": {"password": "pbkdf2_sha256$150000$95oDqn3VAeGM$65OzwwiUJEpIfzXm+3uR/McafiHnFSgAzLcyinPnod8=", "last_login": null, "is_superuser": false, "username": "14maytest1", "first_name": "", "last_name": "", "is_staff": false, "is_active": true, "date_joined": "2020-05-14T04:46:29.847Z", "email": "14maytest1@gmail.com", "phone_verfied": false, "email_verfied": false, "authy_id": null, "groups": [], "user_permissions": []}}, {"model": "accounts.user", "pk": 69, "fields": {"password": "pbkdf2_sha256$150000$z5ta2PcA4AQj$IlAxx2ze3hXZS71hm69ALqhzrKs7smQgIvXv2A/lSdA=", "last_login": null, "is_superuser": false, "username": "15maytest2", "first_name": "", "last_name": "", "is_staff": false, "is_active": true, "date_joined": "2020-05-15T07:55:28.746Z", "email": "jrbarmola@gmail.com", "phone_verfied": false, "email_verfied": false, "authy_id": "259262242", "groups": [], "user_permissions": []}}, {"model": "accounts.user", "pk": 70, "fields": {"password": "pbkdf2_sha256$150000$bbHgpTJUx0po$iW1mElkA655la0dPrQm5WK6PBoauQdWjg/tcamJjaHI=", "last_login": null, "is_superuser": false, "username": "Jkscanada", "first_name": "", "last_name": "", "is_staff": false, "is_active": true, "date_joined": "2020-05-23T20:07:42.676Z", "email": "Jkscanada@gmail.com", "phone_verfied": true, "email_verfied": false, "authy_id": "259629683", "groups": [], "user_permissions": []}}, {"model": "accounts.user", "pk": 73, "fields": {"password": "pbkdf2_sha256$150000$PkXdrewo6D6l$SsmHPrO0MxCRhzP331Bd83ny6VFi5Jqv8KT7RhEmcW0=", "last_login": null, "is_superuser": false, "username": "kbihani291", "first_name": "", "last_name": "", "is_staff": false, "is_active": true, "date_joined": "2020-05-25T15:27:29.581Z", "email": "kailashkbihani@gmail.com", "phone_verfied": true, "email_verfied": false, "authy_id": "260011627", "groups": [], "user_permissions": []}}, {"model": "accounts.userprofile", "pk": 1, "fields": {"user": 1, "image": "", "phone_number": "8282845", "country_code": null}}, {"model": "accounts.userprofile", "pk": 2, "fields": {"user": 3, "image": "", "phone_number": "7532696552", "country_code": "+44"}}, {"model": "accounts.userprofile", "pk": 3, "fields": {"user": 4, "image": "", "phone_number": "82828458", "country_code": null}}, {"model": "accounts.userprofile", "pk": 4, "fields": {"user": 5, "image": "", "phone_number": "828284565", "country_code": null}}, {"model": "accounts.userprofile", "pk": 5, "fields": {"user": 6, "image": "", "phone_number": "85848555075454", "country_code": null}}, {"model": "accounts.userprofile", "pk": 6, "fields": {"user": 7, "image": "", "phone_number": "8823893267", "country_code": null}}, {"model": "accounts.userprofile", "pk": 7, "fields": {"user": 8, "image": "", "phone_number": "8823893611", "country_code": null}}, {"model": "accounts.userprofile", "pk": 8, "fields": {"user": 9, "image": "", "phone_number": "78118181818", "country_code": null}}, {"model": "accounts.userprofile", "pk": 10, "fields": {"user": 11, "image": "", "phone_number": "8584855500", "country_code": null}}, {"model": "accounts.userprofile", "pk": 11, "fields": {"user": 12, "image": "", "phone_number": "9716019716", "country_code": null}}, {"model": "accounts.userprofile", "pk": 12, "fields": {"user": 13, "image": "", "phone_number": "8584855502", "country_code": null}}, {"model": "accounts.userprofile", "pk": 13, "fields": {"user": 14, "image": "", "phone_number": "8584855503", "country_code": null}}, {"model": "accounts.userprofile", "pk": 14, "fields": {"user": 15, "image": "", "phone_number": "85848533550", "country_code": null}}, {"model": "accounts.userprofile", "pk": 15, "fields": {"user": 16, "image": "", "phone_number": "828282282828", "country_code": null}}, {"model": "accounts.userprofile", "pk": 16, "fields": {"user": 17, "image": "", "phone_number": "90292020", "country_code": null}}, {"model": "accounts.userprofile", "pk": 17, "fields": {"user": 18, "image": "", "phone_number": "8946431164 ", "country_code": null}}, {"model": "accounts.userprofile", "pk": 18, "fields": {"user": 19, "image": "", "phone_number": "6494461434", "country_code": null}}, {"model": "accounts.userprofile", "pk": 19, "fields": {"user": 20, "image": "", "phone_number": "5464976434", "country_code": null}}, {"model": "accounts.userprofile", "pk": 20, "fields": {"user": 21, "image": "", "phone_number": "5464313197", "country_code": null}}, {"model": "accounts.userprofile", "pk": 21, "fields": {"user": 22, "image": "", "phone_number": "5464313194", "country_code": null}}, {"model": "accounts.userprofile", "pk": 22, "fields": {"user": 23, "image": "", "phone_number": "646449476", "country_code": null}}, {"model": "accounts.userprofile", "pk": 23, "fields": {"user": 24, "image": "", "phone_number": "84649446443", "country_code": null}}, {"model": "accounts.userprofile", "pk": 24, "fields": {"user": 25, "image": "", "phone_number": "8910439952", "country_code": null}}, {"model": "accounts.userprofile", "pk": 25, "fields": {"user": 26, "image": "", "phone_number": "546464941", "country_code": null}}, {"model": "accounts.userprofile", "pk": 26, "fields": {"user": 27, "image": "", "phone_number": "546446494", "country_code": null}}, {"model": "accounts.userprofile", "pk": 27, "fields": {"user": 28, "image": "", "phone_number": "549746416", "country_code": null}}, {"model": "accounts.userprofile", "pk": 28, "fields": {"user": 29, "image": "", "phone_number": "546497876", "country_code": null}}, {"model": "accounts.userprofile", "pk": 29, "fields": {"user": 30, "image": "", "phone_number": "546132194", "country_code": null}}, {"model": "accounts.userprofile", "pk": 30, "fields": {"user": 31, "image": "", "phone_number": "57976446", "country_code": null}}, {"model": "accounts.userprofile", "pk": 31, "fields": {"user": 32, "image": "", "phone_number": "5464976449", "country_code": null}}, {"model": "accounts.userprofile", "pk": 32, "fields": {"user": 33, "image": "", "phone_number": "8910439952", "country_code": null}}, {"model": "accounts.userprofile", "pk": 33, "fields": {"user": 34, "image": "", "phone_number": "8910439952", "country_code": null}}, {"model": "accounts.userprofile", "pk": 34, "fields": {"user": 35, "image": "", "phone_number": "8102408387", "country_code": null}}, {"model": "accounts.userprofile", "pk": 35, "fields": {"user": 36, "image": "", "phone_number": "6202380084", "country_code": null}}, {"model": "accounts.userprofile", "pk": 36, "fields": {"user": 37, "image": "", "phone_number": "6202380084", "country_code": null}}, {"model": "accounts.userprofile", "pk": 37, "fields": {"user": 38, "image": "", "phone_number": "8102408783", "country_code": null}}, {"model": "accounts.userprofile", "pk": 38, "fields": {"user": 39, "image": "", "phone_number": "8102408783", "country_code": null}}, {"model": "accounts.userprofile", "pk": 39, "fields": {"user": 40, "image": "", "phone_number": "9029202044", "country_code": null}}, {"model": "accounts.userprofile", "pk": 40, "fields": {"user": 41, "image": "", "phone_number": "7004746737", "country_code": null}}, {"model": "accounts.userprofile", "pk": 41, "fields": {"user": 42, "image": "", "phone_number": "9716019716", "country_code": null}}, {"model": "accounts.userprofile", "pk": 42, "fields": {"user": 43, "image": "", "phone_number": "9716019716", "country_code": null}}, {"model": "accounts.userprofile", "pk": 55, "fields": {"user": 57, "image": "", "phone_number": "9880023416", "country_code": "+91"}}, {"model": "accounts.userprofile", "pk": 61, "fields": {"user": 63, "image": "", "phone_number": "9599319716", "country_code": null}}, {"model": "accounts.userprofile", "pk": 62, "fields": {"user": 64, "image": "", "phone_number": "5879267101", "country_code": null}}, {"model": "accounts.userprofile", "pk": 63, "fields": {"user": 65, "image": "", "phone_number": "26577567", "country_code": null}}, {"model": "accounts.userprofile", "pk": 67, "fields": {"user": 69, "image": "", "phone_number": "7204397771", "country_code": "+91"}}, {"model": "accounts.userprofile", "pk": 68, "fields": {"user": 70, "image": "", "phone_number": "5879267101", "country_code": "+1"}}, {"model": "accounts.userprofile", "pk": 71, "fields": {"user": 73, "image": "", "phone_number": "7259742910", "country_code": "+91"}}, {"model": "ripple_wallet.ripplewallet", "pk": 4, "fields": {"created_date": "2020-04-24T11:18:57.980Z", "modified_date": "2020-05-23T12:26:28.254Z", "user": 1, "account_id": "rDcZeEFqSyL2ZhoK2DjZiSNqP2dLUtCfyi", "key_type": "secp256k1", "master_key": "EDDY CEIL BAN NOTE JIM CLAY DAWN ROIL BOLO KITE STEW CITE", "master_seed": "snZ97BxcfSGC6c2TGeuvwYHxoyRSh", "master_seed_hex": "CD3E9ED36D297A70CF04F2E217900C7A", "public_key": "aB4LVLP611wV4NSkZHCV1HNsjhBV49ztwofS9Y132uoemfB9EqiF", "public_key_hex": "0231ED75E99A5A9F9CE41FB4DB63DDB9E5E18CB0DC6EEACC87BD326F85BE4772D6", "is_funded": true, "ripple_balance": "0.00391600", "bitcoin_balance": "0E-8"}}, {"model": "ripple_wallet.ripplewallet", "pk": 5, "fields": {"created_date": "2020-04-24T11:54:56.650Z", "modified_date": "2020-05-23T15:16:29.130Z", "user": 3, "account_id": "rLrvrCp81FgDSM6SCXX8rAEJK5qX8BWFMb", "key_type": "secp256k1", "master_key": "ICON GUNK CHAD FRAY NAT DUST HEFT IRIS SAUL ROD NAB GRIM", "master_seed": "ss9gkjBKBxXaAFGCKxokL1hidVPPX", "master_seed_hex": "20A7221C5CE75396F1AE02439429F29D", "public_key": "aBPavTxMz99R4f6wvJ32GKfR6u9JXXUJQSWbH6Gxw4r7ALjd9e43", "public_key_hex": "0296D19BDCA81F093A61FEF7125451780E4ACADE504E0C448A2C4ACB8394D9995D", "is_funded": true, "ripple_balance": "79.63497600", "bitcoin_balance": "0.00041220"}}, {"model": "ripple_wallet.ripplewallet", "pk": 6, "fields": {"created_date": "2020-04-24T16:17:15.508Z", "modified_date": "2020-05-23T12:26:32.418Z", "user": 4, "account_id": "rMPnN6v8guUGt51scj3aEfYJnQJacPZ2kv", "key_type": "secp256k1", "master_key": "LEA LIFE ALIA ROME FOOL ISLE DUNE AKIN FINK GUM HIP SLAT", "master_seed": "snKmaU9mweW8BTsiSg6igyK9txuYy", "master_seed_hex": "BCADC18B024E69783F49C8E82BD59523", "public_key": "aBQnhjWXhSEDUEup1A8viJAjpC51m68ALKxHunf1eEkjeh3WYGZ5", "public_key_hex": "03164C1D61AF8A2B27178467E80A1B1E10B3444A7071F694125C7C3DF96CE49595", "is_funded": true, "ripple_balance": "21.89198000", "bitcoin_balance": "0E-8"}}, {"model": "ripple_wallet.ripplewallet", "pk": 7, "fields": {"created_date": "2020-04-24T17:50:17.229Z", "modified_date": "2020-04-24T17:50:17.229Z", "user": 5, "account_id": "r4DgMNLTszsnCkRXC9D1yBkArrBYyAjyf2", "key_type": "secp256k1", "master_key": "TALE SUIT CORN BALE YOKE SODA USED KONG KONG ELK NODE BOND", "master_seed": "snERMPXkhaUj9tQkSmKcJcmYnrrKR", "master_seed_hex": "B74EAC08A10A75F2C2FFBFA8AD993CE7", "public_key": "aBPDfpb2hZmqwQgpLPd24f29oyVpReUau4p2fPjkvf5vTj91SX6Y", "public_key_hex": "02A4DB254446F9E96EA89DC0EF402F7E87AEC42A9315E3EDA88930F577B82A4F58", "is_funded": false, "ripple_balance": "0E-8", "bitcoin_balance": "0E-8"}}, {"model": "ripple_wallet.ripplewallet", "pk": 8, "fields": {"created_date": "2020-04-29T12:49:58.046Z", "modified_date": "2020-04-29T12:49:58.046Z", "user": 8, "account_id": "r9hNNnvy26N1id3eYjfkpoeT3akaZiCu9v", "key_type": "secp256k1", "master_key": "JOEL GLAD GANG NEW ELI DRAG BE GLEE ORR RITE VEND AS", "master_seed": "spowdZ7yyFNSz7vNdBoUgRxAPQ7CA", "master_seed_hex": "07423F68C08C7106ED12D195248A51A2", "public_key": "aBRnoRs8hHDM5ZJm9i6YaPYzvE2RNv3MRrZK9BPke7DwCZc8QSAk", "public_key_hex": "039BAA12DC0D74ABC125C81D4BD0F6B33A2B1EC30A9480C016936F69496D74D9CA", "is_funded": false, "ripple_balance": "0E-8", "bitcoin_balance": "0E-8"}}, {"model": "ripple_wallet.ripplewallet", "pk": 9, "fields": {"created_date": "2020-05-05T04:59:41.492Z", "modified_date": "2020-05-23T12:26:34.328Z", "user": 11, "account_id": "rNp2zMvLKiZaD1wH1jzXUg8ArQ3BkvJkTd", "key_type": "secp256k1", "master_key": "SKEW NEAT KALE DOSE REEL DUG GALA SEND GOLD THEE US AVE", "master_seed": "spFjP515y82T66aQy9rzviN3tWh5k", "master_seed_hex": "093204F5382A9B8820E2DCBA935698DD", "public_key": "aBPDKtJSqgh5NoLte7bVkoz2pA2vzM23np79pVBz2rMvHeKb5Whr", "public_key_hex": "02A55BFFBAF2F0449C6EBA0E64B432B610C6988A640415C7B965E3912CC8FB25FD", "is_funded": true, "ripple_balance": "19.98998800", "bitcoin_balance": "0E-8"}}, {"model": "ripple_wallet.ripplewallet", "pk": 10, "fields": {"created_date": "2020-05-05T09:33:58.183Z", "modified_date": "2020-05-05T09:33:58.183Z", "user": 13, "account_id": "rnMdeKAjDc1NXUJz4JCU51FArsn5t3N3ZZ", "key_type": "secp256k1", "master_key": "GINA WALT GASH ELY SHOD LOLA LURK LOS COCK COLT COP WHY", "master_seed": "shdQpKqnWKd7KkcivTXrqAjaERb37", "master_seed_hex": "8ABA00B5A2B5A4B463ABCD0826DABE8B", "public_key": "aBPueTNwaDeinxLtS9X46UTZGwjX3XPxJPpadsqXKvjXed6ST8Ns", "public_key_hex": "0300E94212723A9339A669D56E1929ABF38237C7F30FFDCDA0D525D8F6FC33DDAB", "is_funded": false, "ripple_balance": "0E-8", "bitcoin_balance": "0E-8"}}, {"model": "ripple_wallet.ripplewallet", "pk": 11, "fields": {"created_date": "2020-05-05T09:34:54.742Z", "modified_date": "2020-05-05T09:34:54.742Z", "user": 14, "account_id": "raVRq2Ywgaw2Ua6o7hHXzYB99Un1tyq3ay", "key_type": "secp256k1", "master_key": "COME RUNG HUED BANK MAIL NOD GILT DOUR WEIR BURN BULK IO", "master_seed": "ssX8f5SJ4E1wKV4rFgDLQ7r8ou9rq", "master_seed_hex": "3BFE6530E6C38E8B59603BA96F867A6A", "public_key": "aBQR1zt5HdCxJfTrCfrNzB8Hy85wHBUEARoQ56Kv7VsWDkeSLwDJ", "public_key_hex": "03458F65557DAD5DF7A31236FEA02EAF2A279EAB5D6F02D6995E08F81A55CEFBB8", "is_funded": false, "ripple_balance": "0E-8", "bitcoin_balance": "0E-8"}}, {"model": "ripple_wallet.ripplewallet", "pk": 16, "fields": {"created_date": "2020-05-06T08:34:20.926Z", "modified_date": "2020-05-06T08:34:20.926Z", "user": 15, "account_id": "r33NBGXsHbSjiQifyNd2EZLPAngNNtawii", "key_type": "secp256k1", "master_key": "GUM DIG DUTY RAIN DOME HERB HESS AMOS ROT MONK DID SULK", "master_seed": "snWS72KVUVGhWfNYvexotfs3xd9VL", "master_seed_hex": "C9E510DFE29069972D5107E6E3D18117", "public_key": "aBQUFu8f9gy2NHeM58PvhnukMam1LQgKuHEtMFrTiafLN2TSJrhW", "public_key_hex": "0327EBD09C954CD4F758D8D6A61D53525ABE153E34C05EDBD612BE61D2DCCFB1A3", "is_funded": false, "ripple_balance": "0E-8", "bitcoin_balance": "0E-8"}}, {"model": "ripple_wallet.ripplewallet", "pk": 25, "fields": {"created_date": "2020-05-12T10:50:29.306Z", "modified_date": "2020-05-23T15:16:26.842Z", "user": 57, "account_id": "rnhqhcbQJaDsipVQeuBJbmGfvemoXwCriM", "key_type": "secp256k1", "master_key": "DARK MOTH JO GRAB LURA WITH PEP JAW SUDS CAB RUSH RIFT", "master_seed": "shvruEDWLRVohuPmZr5wDW9hmGv5T", "master_seed_hex": "9F4B0D8592FB0333F947CBC781F0776F", "public_key": "aB48Ht2YNiXBzJshr3AdZuMVEkMqPr7RUgiKBopvm8ud84sB3Kui", "public_key_hex": "026C8405149382059D93E5E92E6E7F6800A5189C8AAABEF53840DC411EDBAE7B0F", "is_funded": true, "ripple_balance": "44.45938800", "bitcoin_balance": "0.00024035"}}, {"model": "ripple_wallet.ripplewallet", "pk": 29, "fields": {"created_date": "2020-05-13T17:12:25.767Z", "modified_date": "2020-05-13T17:12:25.767Z", "user": 63, "account_id": "rExWnQFgcwRDNJUviCqzbUahSPN32e7dU6", "key_type": "secp256k1", "master_key": "AVOW LEE WAND MITE HEY CHAD WORK DUCT FIVE KICK GWYN GREG", "master_seed": "ss3TrPWshW6mYaPZVhbpNFpgtixwf", "master_seed_hex": "1F1F395306F6CEFDCAA461DEDB7BE44F", "public_key": "aBPHrYiQtaQ1BKxNnaHAt6nL6TG5n4qDJV7S2t3DvXZVZrSWVCrC", "public_key_hex": "02ADB95BC928B9B39EB97AD87FC14CDBA377CCDF26ABA0742322E1F8DAAF24E161", "is_funded": false, "ripple_balance": "0E-8", "bitcoin_balance": "0E-8"}}, {"model": "ripple_wallet.ripplewallet", "pk": 30, "fields": {"created_date": "2020-05-13T19:17:19.704Z", "modified_date": "2020-05-13T19:17:19.704Z", "user": 64, "account_id": "rJJPvd4B6ErQhNQfpieE7FzR1YAAiutMoC", "key_type": "secp256k1", "master_key": "OUCH MELT FANG ULAN MIKE AIDA TOOL BECK SULK CUBA CUB JUNE", "master_seed": "ss5axhBkHSWPqQg5FU4GWbZo5fmQT", "master_seed_hex": "48C570B693A7EAED93AE0B79F73DD7C9", "public_key": "aBP7TYn3sHeK5KANQHcmh7aSCdA75BQ1SD2CAEXwmhiFRDT4kwod", "public_key_hex": "02C7B7DE9D29DD0E5A8F9450F144CF9AC37320DDADD017B1823E4F14220AD74C06", "is_funded": false, "ripple_balance": "0E-8", "bitcoin_balance": "0E-8"}}, {"model": "ripple_wallet.ripplewallet", "pk": 31, "fields": {"created_date": "2020-05-14T04:46:30.650Z", "modified_date": "2020-05-14T04:46:30.650Z", "user": 65, "account_id": "raAhWkmDYacwVwajjJtwQxVE8t3iKHi6uh", "key_type": "secp256k1", "master_key": "EEL YARN AIR OX PAL ALGA CURB HA FLAW OLDY SEWN KNOW", "master_seed": "ssFSHUhDUa6omnxMEXjpe5oaoKpsu", "master_seed_hex": "509BEDE3080EA36D951AA31805E0DF10", "public_key": "aBRnFPsDjoNzXjqpdLod7PkRyEYyvf9y9nHohwKn6sVpfheYffdr", "public_key_hex": "039BB3BF9C54E5206E4C4E6F65266112750FD4793CCD0D560E89167BC5A31BB751", "is_funded": false, "ripple_balance": "0E-8", "bitcoin_balance": "0E-8"}}, {"model": "ripple_wallet.ripplewallet", "pk": 35, "fields": {"created_date": "2020-05-15T07:55:29.116Z", "modified_date": "2020-05-15T07:55:29.116Z", "user": 69, "account_id": "r4obVKyzrCvzCyB7AcxMk5vohaWQrg2our", "key_type": "secp256k1", "master_key": "LIST BERT MEET FUEL HANG OLDY BIDE ROAD SURE JOT MASS MOOT", "master_seed": "shSj9ZkuFk4zLZs51cxoC4vWNw1pw", "master_seed_hex": "7D857B9095139A578F3779C3E6D68AB0", "public_key": "aB4ApNRxQ6SHE2Kpzggn7cwcc1WWmbvTzbmzsMZUZqkRt6muf6CE", "public_key_hex": "0280569C70C6F4D0500FE874BC0AA12AF68E2C8E0A9269BE3203EA53E1305B6600", "is_funded": false, "ripple_balance": "0E-8", "bitcoin_balance": "0E-8"}}, {"model": "ripple_wallet.ripplewallet", "pk": 36, "fields": {"created_date": "2020-05-23T20:07:43.654Z", "modified_date": "2020-05-23T20:07:43.654Z", "user": 70, "account_id": "r4i59uGNg7mgvyodo7qsFzHWRzve4mEn1H", "key_type": "secp256k1", "master_key": "CRIB CHEW ALIA MOST SOCK BED PUT SETS FOOD MAID NEWS DADE", "master_seed": "snmGwRbkHP1B2UwGCkUMfAbrcZkXG", "master_seed_hex": "DC3CFCDA1132DB350D14BEDF2BB98C6C", "public_key": "aB4Yxco8GENpGwT28vCPThXP3wUCJKxU8j7ybahyX4wTkMjwm2Xu", "public_key_hex": "024E3E3E8F9BFA5BB54A14B0334489F505452A465BFCC3EE9AC5F911CE02CEC78D", "is_funded": false, "ripple_balance": "0E-8", "bitcoin_balance": "0E-8"}}, {"model": "ripple_wallet.ripplewallet", "pk": 39, "fields": {"created_date": "2020-05-25T15:27:30.334Z", "modified_date": "2020-05-25T15:27:30.334Z", "user": 73, "account_id": "rDgwUKRdSAjQ2Dr7tGRb7n5YLaKmcScYUj", "key_type": "secp256k1", "master_key": "ACTA OSLO CORK COOL FLEA JAM DUAL LIST MAN FATE LIN FUM", "master_seed": "ssH7kU6ftcSxLUsTfEbfSKF3qaX71", "master_seed_hex": "2A4C123F9C1076773E245835AD2D9948", "public_key": "aBRPS3CHrzbjjfmTyG2CcN8P3NQK3g7uXfjmUHgQ1wVdztGtTMyp", "public_key_hex": "03C3B3CE72DCB25FAAAE2D9700B7FEA88603054A1094ED060263B8E5B9CD813EBC", "is_funded": false, "ripple_balance": "0E-8", "bitcoin_balance": "0E-8"}}, {"model": "ripple_wallet.bitcoinwalletaccount", "pk": 1, "fields": {"created_date": "2020-04-29T12:50:07.812Z", "modified_date": "2020-05-23T12:26:36.358Z", "user": 8, "xpub": "xpub6CBXVZJDt37U67Z1aBbDDqbQ8NPgkUHCMwsXTCsxdAY6KXaHBmxTypN6ewryrxNbxM5UY7yQg1eB3rZftuRtVMPSWQbo6XFbMAPB392ZoVr", "xpriv": "xprv9yCB63mL3fZAsdUYUA4CrhefaLZCM1ZLziwvepUM4q17SjF8eEeDS23cogqgnyt65n45NFnRsex9xsDPW4Ss25z4XLVo4htNiTLuecyFu5e", "balance": "0.00012003", "index": null}}, {"model": "ripple_wallet.bitcoinwalletaccount", "pk": 2, "fields": {"created_date": "2020-05-05T04:59:51.157Z", "modified_date": "2020-05-23T12:26:36.376Z", "user": 11, "xpub": "xpub6CBXVZJDt37UCXgCPdrbZh4kKXnixhcpFndrjRqcg6ou3nACkpCMTNzFQ81Y78stz6AErRprkqXZvyKfqZCStoaPykXHVdRnWxxbSKSr3sG", "xpriv": "xprv9yCB63mL3fZAz3bjHcKbCZ81mVxEZEtxtZiFw3S17mGvAyq4DGt6uafmYorCMe6xVivc2EqxZw4fHhyjZhCbCxwDdwvcjW3byyVuacZEfUZ", "balance": "0.00071673", "index": null}}, {"model": "ripple_wallet.bitcoinwalletaccount", "pk": 3, "fields": {"created_date": "2020-05-05T09:34:02.180Z", "modified_date": "2020-05-23T12:26:36.389Z", "user": 13, "xpub": "xpub6CBXVZJDt37UFDmaXLDdthKs2hjJmwEvv9eQrkPMR4WBUNMxPQHK3G2Kq6fy3S7aWJwrdecqTnvJ45jWAKMs1DodScvWFbjU45e8FbnEBpL", "xpriv": "xprv9yCB63mL3fZB2jh7RJgdXZP8UftpNUX5Yvip4MyjriyCba2oqry4VThqyqnjMUfq8bfMcs4sZD2HCQ5K6YXJuPJGDzzQsKQcXt3qbyxTP4q", "balance": "0.00022098", "index": null}}, {"model": "ripple_wallet.bitcoinwalletaccount", "pk": 4, "fields": {"created_date": "2020-05-05T09:34:57.464Z", "modified_date": "2020-05-23T12:26:36.403Z", "user": 14, "xpub": "xpub6CBXVZJDt37UJL1dbwbBHCHgwUZ81Ma3gnk5KSv8HkcYTEuxhw15YVeZr1RowdfCFDXY7qZ1styNAXdCNw3Cx3kY7Gii3jyja5pKJR2riCY", "xpriv": "xprv9yCB63mL3fZB5qwAVv4Av4LxPSidbtrCKZpUX4WWjR5ZaSapAPgpzhL5zhvwLtg4evSb6VZzYC7dianpRfWtdbUF68sa4r4uBSZSzUAoFot", "balance": "0.00022098", "index": null}}, {"model": "ripple_wallet.bitcoinwalletaccount", "pk": 9, "fields": {"created_date": "2020-05-06T08:34:23.987Z", "modified_date": "2020-05-23T12:26:36.416Z", "user": 3, "xpub": "xpub6CBXVZJDt37UYCNpauvEWguUNLH4VbLYrEyeojpW8VTG33t3aj8xSs6aYMVx4ZmNgn472NFiQGkf4mYwBsN72UhFWonspXMLwAysGddAWUE", "xpriv": "xprv9yCB63mL3fZBKiJMUtPE9YxjpJSa68chV2441MQta9vHAFYu3Bphu4n6h4vTfCKqtYzi1jr1daFjRLyebmE1zoJFDyYPA7v4k9Cmax9KLpA", "balance": "0E-8", "index": 19}}, {"model": "ripple_wallet.bitcoinwalletaccount", "pk": 18, "fields": {"created_date": "2020-05-12T10:50:33.805Z", "modified_date": "2020-05-23T12:26:36.441Z", "user": 57, "xpub": "xpub6CBXVZJDt37UwTGwBdFjJSYE6zTMMbnnWSy9kRfXXHsCYJoeQfSv5JueoacDMXtaqHQ5VbSyamyBnggkFqZn5Fvn8fvss4sjTJdxt7ncXSJ", "xpriv": "xprv9yCB63mL3fZBiyCU5biiwJbVYxcrx94w9E3Yx3FuxxLDfWUVs88fXWbAxHXMKwxkwZHJnyskEnLims2TrT99XsJCysXEhuPqzQHHydkWwpe", "balance": "0.00020284", "index": 28}}, {"model": "ripple_wallet.bitcoinwalletaccount", "pk": 24, "fields": {"created_date": "2020-05-13T17:12:31.620Z", "modified_date": "2020-05-23T12:26:36.477Z", "user": 63, "xpub": "xpub6CBXVZJDt37VCmbhAovgQRCczj1mcnh6DuAyXvvJQBzu2cWMn7x2Yjqkjr6XmLUJRgHBrFmkvfpkCDA9ubYvnmEt1F3G8HyTC1p5ziidwV1", "xpriv": "xprv9yCB63mL3fZBzHXE4nPg3HFtShBHDKyErgFNjYWgqrTv9pBDEadmzwXGtZW2ueBToQq7rGWidro2egaV512HF7emi641MfZC1iBRrX9DsVj", "balance": "0E-8", "index": 34}}, {"model": "ripple_wallet.bitcoinwalletaccount", "pk": 25, "fields": {"created_date": "2020-05-13T19:17:24.559Z", "modified_date": "2020-05-23T12:26:36.491Z", "user": 64, "xpub": "xpub6CBXVZJDt37VGUSiTFpkmAUVVFQu5cxKdCozxonL3q4FQhtQY3dbuR6vJw559rmnvhWVb5v7ejxEMD6GUTMdAfRDbrFRXmvi4wdwid65p8a", "xpriv": "xprv9yCB63mL3fZC3zNFMEHkQ2XkwDaQgAEUFytQARNiVVXGXuZFzWKMMcnSTgKpPCebsBKz1q8MSgQFShg12aJ5pc9AMRVyW89t7YWuTm1fFwE", "balance": "0E-8", "index": 35}}, {"model": "ripple_wallet.bitcoinwalletaccount", "pk": 26, "fields": {"created_date": "2020-05-14T04:46:36.091Z", "modified_date": "2020-05-23T12:26:36.502Z", "user": 65, "xpub": "xpub6CBXVZJDt37VHNm93EJTsy8mNmRvzZ4NwkhppgQ4jT2f8FisWvPnwYeNpybqjfxPJUuM2NwHu6xD16khYfDCWzGhS1ttZTD6H6LBZYJzT98", "xpriv": "xprv9yCB63mL3fZC4tgfwCmTWqC2pjbSb6LXaXnE2HzTB7VgFTPiyP5YPkKtyjE97b6QaKF9ahtDEQ4YVmwdhrMyfA1WNmWdBajd8QwRPgCDyxo", "balance": "0E-8", "index": 36}}, {"model": "ripple_wallet.bitcoinwalletaccount", "pk": 30, "fields": {"created_date": "2020-05-15T07:55:34.983Z", "modified_date": "2020-05-23T12:26:36.511Z", "user": 69, "xpub": "xpub6CBXVZJDt37VUGtZ9xrscXdXBRTGYExyFzoUcHtUKd7fK57hmUjkwbgjbZj22qVJ3T9DjYB45xrfiTXwCwPhCGUc7wd4W6JmYR8rmm4TUMn", "xpriv": "xprv9yCB63mL3fZCFnp63wKsFPgndPcn8nF7tmssouUrmHagSGnZDwRWPoNFkFothcM7YKk1uAVDRPw8HcLy8DL26QBUXKigNC4nNwd8xSXgL7W", "balance": "0E-8", "index": 40}}, {"model": "ripple_wallet.bitcoinwalletaccount", "pk": 31, "fields": {"created_date": "2020-05-23T20:07:55.749Z", "modified_date": "2020-05-23T20:07:55.749Z", "user": 70, "xpub": "xpub6CBXVZJDt37VhcFrpBjY9JfbUevwuT9t6MSFXJbDhbHzwbm8cD7SshyVo16pzSSn3fCBV32DkijHnkCJrBbcJbLmdAdfRoHksXWxvmWv4G5", "xpriv": "xprv9yCB63mL3fZCV8BPiACXnAirvd6TVzS2j8WeivBc9Fm24oRz4foCKuf1whJGaAAxQ1RBkFbdJonKUfG43XdqPRUr1s4XttdFWXSPXzu12we", "balance": "0E-8", "index": 45}}, {"model": "ripple_wallet.bitcoinwalletaccount", "pk": 34, "fields": {"created_date": "2020-05-25T15:27:36.780Z", "modified_date": "2020-05-25T15:27:36.780Z", "user": 73, "xpub": "xpub6CBXVZJDt37Vpb28zySp47x6XuBAfsdJJhRt3TfsGnrCuTivBFZEgxwPwPsqzPtk6Qme43iEwrH7Y3jvnkh1RWP3ZpuyptFyrFbJkwduQVD", "xpriv": "xprv9yCB63mL3fZCc6wftwuogz1MysLgGQuSwUWHF5GFiTKE2fPmdiEz9Acv686a1CJqjv8u2nDbqhsZvUbvMoG6mJz2U3bAwMjvVt5WabZXjrE", "balance": "0E-8", "index": 48}}, {"model": "ripple_wallet.receivetransaction", "pk": 3, "fields": {"created_date": "2020-05-05T08:01:05.887Z", "modified_date": "2020-05-05T08:01:06.250Z", "user": 11, "tx_hash": "9438515e50a3137c833ec5fd98f15643cd22e4468005df8c160049ab6c90eb9f", "transaction_verfied": true, "value": "0E-8", "is_error_occurred": false, "error_message": null, "error_code": null, "error_tx_hash": null}}, {"model": "ripple_wallet.receivetransaction", "pk": 4, "fields": {"created_date": "2020-05-05T09:37:43.127Z", "modified_date": "2020-05-05T10:51:03.841Z", "user": 13, "tx_hash": "033567e2e1e6fd36a815c3ba44c9d132d6d00fe38d67c6c5201cbb09916f8b2f", "transaction_verfied": true, "value": "0E-8", "is_error_occurred": false, "error_message": null, "error_code": null, "error_tx_hash": null}}, {"model": "ripple_wallet.receivetransaction", "pk": 5, "fields": {"created_date": "2020-05-05T09:39:53.564Z", "modified_date": "2020-05-05T10:50:42.565Z", "user": 14, "tx_hash": "9ce0e97c4b11f5a39c66de1d7dfa7d13f18c19761475affad4fa5fc5c34b39bb", "transaction_verfied": true, "value": "0E-8", "is_error_occurred": false, "error_message": null, "error_code": null, "error_tx_hash": null}}, {"model": "ripple_wallet.receivetransaction", "pk": 6, "fields": {"created_date": "2020-05-05T10:40:09.943Z", "modified_date": "2020-05-05T10:51:05.309Z", "user": 11, "tx_hash": "14fc37b530dea9c61b64897d301ab9c9c1fed2000ef4ebc2e9af1cf1f5f50a5f", "transaction_verfied": true, "value": "0E-8", "is_error_occurred": false, "error_message": null, "error_code": null, "error_tx_hash": null}}, {"model": "ripple_wallet.receivetransaction", "pk": 7, "fields": {"created_date": "2020-05-05T12:43:56.399Z", "modified_date": "2020-05-05T14:07:07.358Z", "user": 11, "tx_hash": "0f004a77541bbc992c54327ae14440d604267a380f0ece6db382c33e3c3c5271", "transaction_verfied": true, "value": "0E-8", "is_error_occurred": false, "error_message": null, "error_code": null, "error_tx_hash": null}}, {"model": "ripple_wallet.receivetransaction", "pk": 8, "fields": {"created_date": "2020-05-05T18:43:49.784Z", "modified_date": "2020-05-06T02:11:01.106Z", "user": 11, "tx_hash": "5e7b95ba336e62e238d919bf0b088dc29d4f9eaaaf11e32700b15c1ce435bae9", "transaction_verfied": true, "value": "0E-8", "is_error_occurred": false, "error_message": null, "error_code": null, "error_tx_hash": null}}, {"model": "ripple_wallet.receivetransaction", "pk": 9, "fields": {"created_date": "2020-05-06T02:17:09.853Z", "modified_date": "2020-05-06T03:11:22.649Z", "user": 11, "tx_hash": "c11bb5282c1d681ce0823caf3539fb0bb9ba8c607550de237cd54a6f26c1ed12", "transaction_verfied": true, "value": "0E-8", "is_error_occurred": false, "error_message": null, "error_code": null, "error_tx_hash": null}}, {"model": "ripple_wallet.receivetransaction", "pk": 10, "fields": {"created_date": "2020-05-12T21:18:02.007Z", "modified_date": "2020-05-12T21:41:28.592Z", "user": null, "tx_hash": "1ae9ba4583b31109dd675ecd00277a35069be0eaf2b3f1f912cbb2ae60f5978a", "transaction_verfied": false, "value": "0.00100000", "is_error_occurred": false, "error_message": null, "error_code": null, "error_tx_hash": null}}, {"model": "ripple_wallet.receivetransaction", "pk": 11, "fields": {"created_date": "2020-05-19T11:21:28.441Z", "modified_date": "2020-05-22T12:36:00.724Z", "user": 57, "tx_hash": "acf2f3536473975c4975334045d035f7a6f23dbc798547fe4a8f7c57b11ff060", "transaction_verfied": true, "value": "0E-8", "is_error_occurred": true, "error_message": "'LastLedgerSequence'", "error_code": null, "error_tx_hash": null}}, {"model": "admin.logentry", "pk": 1, "fields": {"action_time": "2020-04-24T06:46:00.345Z", "user": 2, "content_type": 20, "object_id": "1", "object_repr": "test27", "action_flag": 3, "change_message": ""}}, {"model": "admin.logentry", "pk": 2, "fields": {"action_time": "2020-04-24T09:33:38.873Z", "user": 2, "content_type": 20, "object_id": "2", "object_repr": "test27", "action_flag": 3, "change_message": ""}}, {"model": "admin.logentry", "pk": 3, "fields": {"action_time": "2020-04-24T11:18:41.940Z", "user": 2, "content_type": 20, "object_id": "3", "object_repr": "test27", "action_flag": 3, "change_message": ""}}, {"model": "admin.logentry", "pk": 4, "fields": {"action_time": "2020-04-30T13:03:10.494Z", "user": 2, "content_type": 22, "object_id": "1", "object_repr": "test40", "action_flag": 2, "change_message": "[]"}}, {"model": "admin.logentry", "pk": 5, "fields": {"action_time": "2020-05-03T22:40:48.271Z", "user": 2, "content_type": 20, "object_id": "5", "object_repr": "test28", "action_flag": 2, "change_message": "[{\"changed\": {\"fields\": [\"is_funded\"]}}]"}}, {"model": "admin.logentry", "pk": 6, "fields": {"action_time": "2020-05-04T04:07:37.907Z", "user": 2, "content_type": 24, "object_id": "1", "object_repr": "10", "action_flag": 1, "change_message": "[{\"added\": {}}]"}}, {"model": "admin.logentry", "pk": 7, "fields": {"action_time": "2020-05-05T04:57:50.324Z", "user": 2, "content_type": 7, "object_id": "10", "object_repr": "testalpha1", "action_flag": 3, "change_message": ""}}, {"model": "admin.logentry", "pk": 8, "fields": {"action_time": "2020-05-05T06:15:09.702Z", "user": 2, "content_type": 23, "object_id": "1", "object_repr": "ReceiveTransaction object (1)", "action_flag": 3, "change_message": ""}}, {"model": "admin.logentry", "pk": 9, "fields": {"action_time": "2020-05-05T08:00:37.960Z", "user": 2, "content_type": 23, "object_id": "2", "object_repr": "None", "action_flag": 3, "change_message": ""}}, {"model": "admin.logentry", "pk": 10, "fields": {"action_time": "2020-05-05T08:01:04.952Z", "user": 2, "content_type": 22, "object_id": "2", "object_repr": "testalpha1", "action_flag": 2, "change_message": "[{\"changed\": {\"fields\": [\"balance\"]}}]"}}, {"model": "admin.logentry", "pk": 11, "fields": {"action_time": "2020-05-05T12:38:08.499Z", "user": 2, "content_type": 22, "object_id": "2", "object_repr": "testalpha1", "action_flag": 2, "change_message": "[{\"changed\": {\"fields\": [\"balance\"]}}]"}}, {"model": "admin.logentry", "pk": 12, "fields": {"action_time": "2020-05-06T08:24:32.093Z", "user": 2, "content_type": 22, "object_id": "5", "object_repr": "randomtest", "action_flag": 3, "change_message": ""}}, {"model": "admin.logentry", "pk": 13, "fields": {"action_time": "2020-05-06T08:24:54.001Z", "user": 2, "content_type": 20, "object_id": "12", "object_repr": "randomtest", "action_flag": 3, "change_message": ""}}, {"model": "admin.logentry", "pk": 14, "fields": {"action_time": "2020-05-06T08:25:58.496Z", "user": 2, "content_type": 20, "object_id": "13", "object_repr": "randomtest", "action_flag": 3, "change_message": ""}}, {"model": "admin.logentry", "pk": 15, "fields": {"action_time": "2020-05-06T08:26:12.994Z", "user": 2, "content_type": 22, "object_id": "6", "object_repr": "randomtest", "action_flag": 3, "change_message": ""}}, {"model": "admin.logentry", "pk": 16, "fields": {"action_time": "2020-05-06T08:33:02.107Z", "user": 2, "content_type": 22, "object_id": "7", "object_repr": "randomtest", "action_flag": 3, "change_message": ""}}, {"model": "admin.logentry", "pk": 17, "fields": {"action_time": "2020-05-06T08:33:14.091Z", "user": 2, "content_type": 20, "object_id": "14", "object_repr": "randomtest", "action_flag": 3, "change_message": ""}}, {"model": "admin.logentry", "pk": 18, "fields": {"action_time": "2020-05-06T08:33:55.532Z", "user": 2, "content_type": 20, "object_id": "15", "object_repr": "randomtest", "action_flag": 3, "change_message": ""}}, {"model": "admin.logentry", "pk": 19, "fields": {"action_time": "2020-05-06T08:34:11.250Z", "user": 2, "content_type": 22, "object_id": "8", "object_repr": "randomtest", "action_flag": 3, "change_message": ""}}, {"model": "admin.logentry", "pk": 20, "fields": {"action_time": "2020-05-07T12:04:09.374Z", "user": 2, "content_type": 20, "object_id": "4", "object_repr": "test27", "action_flag": 2, "change_message": "[{\"changed\": {\"fields\": [\"is_funded\"]}}]"}}, {"model": "admin.logentry", "pk": 21, "fields": {"action_time": "2020-05-07T12:04:48.262Z", "user": 2, "content_type": 20, "object_id": "5", "object_repr": "test28", "action_flag": 2, "change_message": "[]"}}, {"model": "admin.logentry", "pk": 22, "fields": {"action_time": "2020-05-07T12:08:24.456Z", "user": 2, "content_type": 20, "object_id": "6", "object_repr": "test29", "action_flag": 2, "change_message": "[{\"changed\": {\"fields\": [\"is_funded\"]}}]"}}, {"model": "admin.logentry", "pk": 23, "fields": {"action_time": "2020-05-10T18:51:29.676Z", "user": 45, "content_type": 7, "object_id": "44", "object_repr": "kailash", "action_flag": 3, "change_message": ""}}, {"model": "admin.logentry", "pk": 24, "fields": {"action_time": "2020-05-11T05:22:02.401Z", "user": 45, "content_type": 7, "object_id": "48", "object_repr": "randomtest5", "action_flag": 3, "change_message": ""}}, {"model": "admin.logentry", "pk": 25, "fields": {"action_time": "2020-05-11T18:42:53.761Z", "user": 45, "content_type": 7, "object_id": "47", "object_repr": "kbihani29", "action_flag": 3, "change_message": ""}}, {"model": "admin.logentry", "pk": 26, "fields": {"action_time": "2020-05-12T04:46:35.527Z", "user": 45, "content_type": 7, "object_id": "49", "object_repr": "sachin tendulkar", "action_flag": 3, "change_message": ""}}, {"model": "admin.logentry", "pk": 27, "fields": {"action_time": "2020-05-12T04:59:39.375Z", "user": 45, "content_type": 7, "object_id": "51", "object_repr": "morinin66", "action_flag": 3, "change_message": ""}}, {"model": "admin.logentry", "pk": 28, "fields": {"action_time": "2020-05-12T10:49:27.505Z", "user": 45, "content_type": 7, "object_id": "50", "object_repr": "kbihani29", "action_flag": 3, "change_message": ""}}, {"model": "admin.logentry", "pk": 29, "fields": {"action_time": "2020-05-12T10:49:27.508Z", "user": 45, "content_type": 7, "object_id": "53", "object_repr": "kbihani291", "action_flag": 3, "change_message": ""}}, {"model": "admin.logentry", "pk": 30, "fields": {"action_time": "2020-05-12T11:05:40.337Z", "user": 45, "content_type": 7, "object_id": "46", "object_repr": "authtest9", "action_flag": 3, "change_message": ""}}, {"model": "admin.logentry", "pk": 31, "fields": {"action_time": "2020-05-12T11:05:40.350Z", "user": 45, "content_type": 7, "object_id": "52", "object_repr": "morinin66", "action_flag": 3, "change_message": ""}}, {"model": "admin.logentry", "pk": 32, "fields": {"action_time": "2020-05-12T11:05:40.352Z", "user": 45, "content_type": 7, "object_id": "54", "object_repr": "morinin6", "action_flag": 3, "change_message": ""}}, {"model": "admin.logentry", "pk": 33, "fields": {"action_time": "2020-05-12T11:05:40.353Z", "user": 45, "content_type": 7, "object_id": "55", "object_repr": "test12may1", "action_flag": 3, "change_message": ""}}, {"model": "admin.logentry", "pk": 34, "fields": {"action_time": "2020-05-12T11:05:40.355Z", "user": 45, "content_type": 7, "object_id": "56", "object_repr": "test12may2", "action_flag": 3, "change_message": ""}}, {"model": "admin.logentry", "pk": 35, "fields": {"action_time": "2020-05-12T11:07:52.478Z", "user": 45, "content_type": 6, "object_id": "5", "object_repr": "test35", "action_flag": 2, "change_message": "[{\"changed\": {\"fields\": [\"phone_number\"]}}]"}}, {"model": "admin.logentry", "pk": 36, "fields": {"action_time": "2020-05-12T11:22:04.097Z", "user": 45, "content_type": 7, "object_id": "58", "object_repr": "Jainrishabhpkr", "action_flag": 3, "change_message": ""}}, {"model": "admin.logentry", "pk": 37, "fields": {"action_time": "2020-05-12T11:22:04.133Z", "user": 45, "content_type": 7, "object_id": "59", "object_repr": "morinin66", "action_flag": 3, "change_message": ""}}, {"model": "admin.logentry", "pk": 38, "fields": {"action_time": "2020-05-13T16:47:05.098Z", "user": 45, "content_type": 7, "object_id": "3", "object_repr": "test28", "action_flag": 2, "change_message": "[{\"changed\": {\"fields\": [\"phone_verfied\", \"email_verfied\"]}}]"}}, {"model": "admin.logentry", "pk": 39, "fields": {"action_time": "2020-05-13T16:51:42.236Z", "user": 45, "content_type": 20, "object_id": "25", "object_repr": "kbihani29", "action_flag": 2, "change_message": "[{\"changed\": {\"fields\": [\"is_funded\"]}}]"}}, {"model": "admin.logentry", "pk": 40, "fields": {"action_time": "2020-05-13T17:12:16.573Z", "user": 2, "content_type": 7, "object_id": "61", "object_repr": "Jkscanada", "action_flag": 3, "change_message": ""}}, {"model": "admin.logentry", "pk": 41, "fields": {"action_time": "2020-05-13T17:12:16.575Z", "user": 2, "content_type": 7, "object_id": "62", "object_repr": "Jkscanada12", "action_flag": 3, "change_message": ""}}, {"model": "admin.logentry", "pk": 42, "fields": {"action_time": "2020-05-13T17:15:20.270Z", "user": 2, "content_type": 7, "object_id": "63", "object_repr": "tryaditya", "action_flag": 2, "change_message": "[{\"changed\": {\"fields\": [\"email_verfied\"]}}]"}}, {"model": "admin.logentry", "pk": 43, "fields": {"action_time": "2020-05-13T18:54:26.353Z", "user": 2, "content_type": 22, "object_id": "9", "object_repr": "test28", "action_flag": 2, "change_message": "[{\"changed\": {\"fields\": [\"user\"]}}]"}}, {"model": "admin.logentry", "pk": 44, "fields": {"action_time": "2020-05-15T07:38:28.023Z", "user": 45, "content_type": 7, "object_id": "66", "object_repr": "15maytest2", "action_flag": 3, "change_message": ""}}, {"model": "admin.logentry", "pk": 45, "fields": {"action_time": "2020-05-15T07:46:03.363Z", "user": 45, "content_type": 7, "object_id": "67", "object_repr": "15maytest2", "action_flag": 2, "change_message": "[{\"changed\": {\"fields\": [\"email_verfied\"]}}]"}}, {"model": "admin.logentry", "pk": 46, "fields": {"action_time": "2020-05-15T07:51:43.592Z", "user": 45, "content_type": 7, "object_id": "67", "object_repr": "15maytest2", "action_flag": 3, "change_message": ""}}, {"model": "admin.logentry", "pk": 47, "fields": {"action_time": "2020-05-15T07:55:22.511Z", "user": 45, "content_type": 7, "object_id": "68", "object_repr": "15maytest2", "action_flag": 3, "change_message": ""}}, {"model": "admin.logentry", "pk": 48, "fields": {"action_time": "2020-05-19T10:38:16.777Z", "user": 45, "content_type": 24, "object_id": "1", "object_repr": "1", "action_flag": 2, "change_message": "[{\"changed\": {\"fields\": [\"percentage\"]}}]"}}, {"model": "admin.logentry", "pk": 49, "fields": {"action_time": "2020-05-22T12:04:41.369Z", "user": 45, "content_type": 6, "object_id": "55", "object_repr": "kbihani29", "action_flag": 2, "change_message": "[{\"changed\": {\"fields\": [\"phone_number\", \"country_code\"]}}]"}}, {"model": "admin.logentry", "pk": 50, "fields": {"action_time": "2020-05-23T10:50:28.748Z", "user": 45, "content_type": 6, "object_id": "55", "object_repr": "kbihani29", "action_flag": 2, "change_message": "[{\"changed\": {\"fields\": [\"phone_number\", \"country_code\"]}}]"}}, {"model": "admin.logentry", "pk": 51, "fields": {"action_time": "2020-05-23T12:00:29.205Z", "user": 45, "content_type": 6, "object_id": "2", "object_repr": "test28", "action_flag": 2, "change_message": "[{\"changed\": {\"fields\": [\"phone_number\", \"country_code\"]}}]"}}, {"model": "admin.logentry", "pk": 52, "fields": {"action_time": "2020-05-23T12:03:19.155Z", "user": 45, "content_type": 7, "object_id": "3", "object_repr": "test28", "action_flag": 2, "change_message": "[{\"changed\": {\"fields\": [\"password\"]}}]"}}, {"model": "admin.logentry", "pk": 53, "fields": {"action_time": "2020-05-25T14:38:48.614Z", "user": 45, "content_type": 7, "object_id": "60", "object_repr": "kbihani291", "action_flag": 3, "change_message": ""}}, {"model": "admin.logentry", "pk": 54, "fields": {"action_time": "2020-05-25T14:53:23.350Z", "user": 45, "content_type": 7, "object_id": "71", "object_repr": "kbihani291", "action_flag": 3, "change_message": ""}}, {"model": "admin.logentry", "pk": 55, "fields": {"action_time": "2020-05-25T15:21:20.567Z", "user": 45, "content_type": 7, "object_id": "72", "object_repr": "kbihani291", "action_flag": 3, "change_message": ""}}]